Exec Time,Spread,Side,Qty,Pos Effect,Symbol,Symbol_simplified,Exp,Strike Type,Price,cum_qty_es,cum_qty_nq
1/14/22 1:15 PM,FUTURE,SELL,-1,TO OPEN,/ESH22,ES,3/22/23,FUTURE,4614.00,-1,0
1/14/22 3:31 PM,FUTURE,BUY,2,TO CLOSE,/ESH22,ES,3/22/23,FUTURE,4648.00,1,0
1/14/22 4:14 PM,FUTURE,SELL,-1,TO CLOSE,/ESH22,ES,3/22/23,FUTURE,4659.25,0,0
1/17/22 9:33 AM,FUTURE,SELL,-1,TO OPEN,/ESH22,ES,3/22/23,FUTURE,4656.50,-1,0
1/17/22 10:40 AM,FUTURE,BUY,2,TO CLOSE,/ESH22,ES,3/22/23,FUTURE,4660.00,1,0
1/17/22 12:48 PM,FUTURE,SELL,-1,TO CLOSE,/ESH22,ES,3/22/23,FUTURE,4652.75,0,0
1/17/22 12:59 PM,FUTURE,BUY,1,TO OPEN,/ESH22,ES,3/22/23,FUTURE,4654.75,1,0
1/18/22 1:53 AM,FUTURE,SELL,-1,TO CLOSE,/ESH22,ES,3/22/23,FUTURE,4633.25,0,0
1/18/22 1:58 AM,FUTURE,SELL,-1,TO OPEN,/ESH22,ES,3/22/23,FUTURE,4633.50,-1,0
1/18/22 3:19 AM,FUTURE,BUY,1,TO CLOSE,/ESH22,ES,3/22/23,FUTURE,4612.50,0,0
1/18/22 4:07 AM,FUTURE,SELL,-1,TO OPEN,/ESH22,ES,3/22/23,FUTURE,4602.50,-1,0
1/18/22 4:17 AM,FUTURE,BUY,1,TO CLOSE,/ESH22,ES,3/22/23,FUTURE,4599.50,0,0
1/19/22 11:48 AM,FUTURE,BUY,1,TO OPEN,/ESH22,ES,3/22/23,FUTURE,4567.75,1,0
1/19/22 11:54 AM,FUTURE,SELL,-1,TO CLOSE,/ESH22,ES,3/22/23,FUTURE,4573.75,0,0
1/19/22 3:27 PM,FUTURE,SELL,-1,TO OPEN,/ESH22,ES,3/22/23,FUTURE,4558.25,-1,0
1/19/22 3:30 PM,FUTURE,BUY,1,TO CLOSE,/ESH22,ES,3/22/23,FUTURE,4552.00,0,0
1/20/22 2:58 AM,FUTURE,SELL,-1,TO OPEN,/ESH22,ES,3/22/23,FUTURE,4543.75,-1,0
1/20/22 3:17 AM,FUTURE,BUY,1,TO CLOSE,/ESH22,ES,3/22/23,FUTURE,4539.50,0,0
1/20/22 2:16 PM,FUTURE,SELL,-1,TO OPEN,/ESH22,ES,3/22/23,FUTURE,4551.50,-1,0
1/20/22 2:31 PM,FUTURE,BUY,1,TO CLOSE,/ESH22,ES,3/22/23,FUTURE,4546.00,0,0
1/21/22 9:19 AM,FUTURE,SELL,-1,TO OPEN,/ESH22,ES,3/22/23,FUTURE,4442.25,-1,0
1/21/22 9:33 AM,FUTURE,BUY,2,TO CLOSE,/ESH22,ES,3/22/23,FUTURE,4465.50,1,0
1/21/22 9:41 AM,FUTURE,SELL,-1,TO OPEN,/NQH22,NQ,3/22/23,FUTURE,14712.25,1,-1
1/21/22 9:41 AM,FUTURE,SELL,-1,TO CLOSE,/ESH22,ES,3/22/23,FUTURE,4450.25,0,-1
1/21/22 9:47 AM,FUTURE,BUY,1,TO CLOSE,/NQH22,NQ,3/22/23,FUTURE,14759.00,0,0
1/21/22 9:47 AM,FUTURE,BUY,1,TO CLOSE,/NQH22,NQ,3/22/23,FUTURE,14758.75,0,1
1/21/22 9:49 AM,FUTURE,SELL,-1,TO CLOSE,/NQH22,NQ,3/22/23,FUTURE,14713.00,0,0
1/21/22 9:49 AM,FUTURE,SELL,-1,TO CLOSE,/NQH22,NQ,3/22/23,FUTURE,14713.25,0,-1
1/21/22 10:31 AM,FUTURE,BUY,1,TO CLOSE,/NQH22,NQ,3/22/23,FUTURE,14682.50,0,0
1/21/22 10:33 AM,FUTURE,BUY,1,TO OPEN,/NQH22,NQ,3/22/23,FUTURE,14713.75,0,1
1/21/22 10:38 AM,FUTURE,SELL,-1,TO OPEN,/NQH22,NQ,3/22/23,FUTURE,14736.50,0,0
1/21/22 10:38 AM,FUTURE,SELL,-1,TO CLOSE,/NQH22,NQ,3/22/23,FUTURE,14743.75,0,-1
1/21/22 10:47 AM,FUTURE,BUY,1,TO OPEN,/NQH22,NQ,3/22/23,FUTURE,14725.00,0,0
1/21/22 10:47 AM,FUTURE,BUY,1,TO CLOSE,/NQH22,NQ,3/22/23,FUTURE,14715.75,0,1
1/21/22 11:02 AM,FUTURE,SELL,-1,TO CLOSE,/NQH22,NQ,3/22/23,FUTURE,14732.75,0,0
1/21/22 11:03 AM,FUTURE,BUY,1,TO OPEN,/NQH22,NQ,3/22/23,FUTURE,14756.25,0,1
1/21/22 11:31 AM,FUTURE,SELL,-1,TO CLOSE,/NQH22,NQ,3/22/23,FUTURE,14784.50,0,0
1/21/22 11:33 AM,FUTURE,SELL,-1,TO OPEN,/NQH22,NQ,3/22/23,FUTURE,14798.25,0,-1
1/21/22 11:48 AM,FUTURE,BUY,1,TO CLOSE,/NQH22,NQ,3/22/23,FUTURE,14675.75,0,0
1/24/22 9:36 AM,FUTURE,SELL,-1,TO OPEN,/ESH22,ES,3/22/23,FUTURE,4319.75,-1,0
1/24/22 9:51 AM,FUTURE,BUY,1,TO CLOSE,/ESH22,ES,3/22/23,FUTURE,4293.25,0,0
1/25/22 1:22 AM,FUTURE,BUY,1,TO OPEN,/NQH22,NQ,3/22/23,FUTURE,14319.50,0,1
1/25/22 1:52 AM,FUTURE,SELL,-1,TO CLOSE,/NQH22,NQ,3/22/23,FUTURE,14319.50,0,0
1/25/22 3:14 AM,FUTURE,BUY,1,TO OPEN,/ESH22,ES,3/22/23,FUTURE,4353.00,1,0
1/25/22 4:23 AM,FUTURE,SELL,-1,TO CLOSE,/ESH22,ES,3/22/23,FUTURE,4354.50,0,0
1/25/22 10:22 AM,FUTURE,BUY,1,TO OPEN,/NQH22,NQ,3/22/23,FUTURE,14103.00,0,1
1/25/22 10:27 AM,FUTURE,SELL,-1,TO CLOSE,/NQH22,NQ,3/22/23,FUTURE,14158.75,0,0
1/26/22 2:13 PM,FUTURE,SELL,-1,TO OPEN,/NQH22,NQ,3/22/23,FUTURE,14512.50,0,-1
1/26/22 2:14 PM,FUTURE,BUY,1,TO CLOSE,/NQH22,NQ,3/22/23,FUTURE,14443.75,0,0
1/26/22 8:49 PM,FUTURE,SELL,-1,TO OPEN,/ESH22,ES,3/22/23,FUTURE,4305.25,-1,0
1/26/22 8:57 PM,FUTURE,BUY,1,TO CLOSE,/ESH22,ES,3/22/23,FUTURE,4298.75,0,0
1/26/22 8:58 PM,FUTURE,SELL,-1,TO OPEN,/NQH22,NQ,3/22/23,FUTURE,13985.00,0,-1
1/26/22 9:00 PM,FUTURE,BUY,1,TO CLOSE,/NQH22,NQ,3/22/23,FUTURE,13952.00,0,0
1/27/22 10:04 AM,FUTURE,BUY,1,TO OPEN,/NQH22,NQ,3/22/23,FUTURE,14367.25,0,1
1/27/22 10:09 AM,FUTURE,SELL,-1,TO CLOSE,/NQH22,NQ,3/22/23,FUTURE,14381.75,0,0
1/27/22 10:25 AM,FUTURE,SELL,-1,TO OPEN,/NQH22,NQ,3/22/23,FUTURE,14311.50,0,-1
1/27/22 10:26 AM,FUTURE,BUY,1,TO CLOSE,/NQH22,NQ,3/22/23,FUTURE,14318.25,0,0
1/27/22 10:27 AM,FUTURE,BUY,1,TO CLOSE,/NQH22,NQ,3/22/23,FUTURE,14291.50,0,1
1/27/22 10:27 AM,FUTURE,SELL,-1,TO OPEN,/NQH22,NQ,3/22/23,FUTURE,14308.50,0,0
1/27/22 1:39 PM,FUTURE,SELL,-1,TO OPEN,/NQH22,NQ,3/22/23,FUTURE,14005.25,0,-1
1/27/22 1:40 PM,FUTURE,BUY,1,TO CLOSE,/NQH22,NQ,3/22/23,FUTURE,13997.00,0,0
1/27/22 1:43 PM,FUTURE,SELL,-1,TO OPEN,/NQH22,NQ,3/22/23,FUTURE,13988.50,0,-1
1/27/22 1:46 PM,FUTURE,BUY,1,TO CLOSE,/NQH22,NQ,3/22/23,FUTURE,14029.00,0,0
1/27/22 1:48 PM,FUTURE,BUY,1,TO OPEN,/NQH22,NQ,3/22/23,FUTURE,14041.25,0,1
1/27/22 1:58 PM,FUTURE,SELL,-1,TO CLOSE,/NQH22,NQ,3/22/23,FUTURE,14092.25,0,0
1/27/22 2:26 PM,FUTURE,SELL,-1,TO OPEN,/NQH22,NQ,3/22/23,FUTURE,14010.00,0,-1
1/27/22 2:34 PM,FUTURE,BUY,1,TO CLOSE,/NQH22,NQ,3/22/23,FUTURE,13982.25,0,0
1/27/22 2:55 PM,FUTURE,SELL,-1,TO OPEN,/NQH22,NQ,3/22/23,FUTURE,13977.00,0,-1
1/27/22 2:58 PM,FUTURE,BUY,1,TO CLOSE,/NQH22,NQ,3/22/23,FUTURE,14022.25,0,0
1/27/22 2:59 PM,FUTURE,SELL,-1,TO OPEN,/NQH22,NQ,3/22/23,FUTURE,14008.00,0,-1
1/27/22 3:08 PM,FUTURE,BUY,1,TO CLOSE,/NQH22,NQ,3/22/23,FUTURE,14058.00,0,0
1/27/22 3:09 PM,FUTURE,SELL,-1,TO OPEN,/NQH22,NQ,3/22/23,FUTURE,14031.00,0,-1
1/27/22 3:27 PM,FUTURE,BUY,1,TO CLOSE,/NQH22,NQ,3/22/23,FUTURE,14009.75,0,0
1/27/22 3:29 PM,FUTURE,BUY,1,TO OPEN,/NQH22,NQ,3/22/23,FUTURE,14005.00,0,1
1/27/22 3:38 PM,FUTURE,SELL,-1,TO CLOSE,/NQH22,NQ,3/22/23,FUTURE,13967.75,0,0
1/27/22 3:39 PM,FUTURE,SELL,-1,TO OPEN,/NQH22,NQ,3/22/23,FUTURE,13969.75,0,-1
1/27/22 3:42 PM,FUTURE,BUY,1,TO OPEN,/NQH22,NQ,3/22/23,FUTURE,14059.25,0,0
1/27/22 3:42 PM,FUTURE,BUY,1,TO CLOSE,/NQH22,NQ,3/22/23,FUTURE,14048.00,0,1
1/27/22 3:56 PM,FUTURE,SELL,-2,TO CLOSE,/NQH22,NQ,3/22/23,FUTURE,14002.00,0,-1
1/27/22 4:05 PM,FUTURE,BUY,1,TO CLOSE,/NQH22,NQ,3/22/23,FUTURE,13992.00,0,0
1/27/22 4:06 PM,FUTURE,BUY,1,TO OPEN,/NQH22,NQ,3/22/23,FUTURE,14000.00,0,1
1/27/22 4:58 PM,FUTURE,SELL,-1,TO CLOSE,/NQH22,NQ,3/22/23,FUTURE,14102.50,0,0
1/27/22 6:01 PM,FUTURE,SELL,-1,TO OPEN,/NQH22,NQ,3/22/23,FUTURE,14157.25,0,-1
1/27/22 6:21 PM,FUTURE,BUY,1,TO CLOSE,/NQH22,NQ,3/22/23,FUTURE,14133.00,0,0
1/27/22 6:23 PM,FUTURE,BUY,1,TO OPEN,/NQH22,NQ,3/22/23,FUTURE,14142.25,0,1
1/27/22 7:33 PM,FUTURE,SELL,-1,TO CLOSE,/NQH22,NQ,3/22/23,FUTURE,14053.00,0,0
1/27/22 7:36 PM,FUTURE,SELL,-1,TO OPEN,/MNQH22,NQ,3/22/23,FUTURE,14069.50,0,-1
1/27/22 7:40 PM,FUTURE,SELL,-1,TO OPEN,/NQH22,NQ,3/22/23,FUTURE,14053.50,0,-2
1/27/22 7:41 PM,FUTURE,BUY,1,TO CLOSE,/MNQH22,NQ,3/22/23,FUTURE,14054.00,0,-1
1/27/22 7:55 PM,FUTURE,BUY,1,TO CLOSE,/NQH22,NQ,3/22/23,FUTURE,14113.50,0,0
1/27/22 7:56 PM,FUTURE,BUY,1,TO OPEN,/NQH22,NQ,3/22/23,FUTURE,14118.50,0,1
1/27/22 11:51 PM,FUTURE,SELL,-1,TO CLOSE,/NQH22,NQ,3/22/23,FUTURE,14098.50,0,0
1/28/22 7:37 AM,FUTURE,SELL,-1,TO OPEN,/MNQH22,NQ,3/22/23,FUTURE,13901.00,0,-1
1/28/22 7:38 AM,FUTURE,BUY,1,TO CLOSE,/MNQH22,NQ,3/22/23,FUTURE,13898.00,0,0
1/28/22 7:39 AM,FUTURE,SELL,-1,TO OPEN,/NQH22,NQ,3/22/23,FUTURE,13878.00,0,-1
1/28/22 7:40 AM,FUTURE,BUY,1,TO CLOSE,/NQH22,NQ,3/22/23,FUTURE,13874.00,0,0
1/28/22 8:28 AM,FUTURE,SELL,-1,TO OPEN,/NQH22,NQ,3/22/23,FUTURE,13866.00,0,-1
1/28/22 8:42 AM,FUTURE,BUY,1,TO CLOSE,/NQH22,NQ,3/22/23,FUTURE,14042.75,0,0
1/28/22 8:44 AM,FUTURE,SELL,-1,TO OPEN,/NQH22,NQ,3/22/23,FUTURE,14016.50,0,-1
1/28/22 9:09 AM,FUTURE,BUY,1,TO CLOSE,/NQH22,NQ,3/22/23,FUTURE,14035.00,0,0
1/28/22 9:12 AM,FUTURE,BUY,1,TO OPEN,/NQH22,NQ,3/22/23,FUTURE,14016.25,0,1
1/28/22 9:23 AM,FUTURE,SELL,-1,TO CLOSE,/NQH22,NQ,3/22/23,FUTURE,14034.50,0,0
1/28/22 9:31 AM,FUTURE,SELL,-1,TO OPEN,/NQH22,NQ,3/22/23,FUTURE,14042.50,0,-1
1/28/22 9:36 AM,FUTURE,SELL,-1,TO OPEN,/NQH22,NQ,3/22/23,FUTURE,13925.00,0,-2
1/28/22 9:36 AM,FUTURE,BUY,1,TO CLOSE,/NQH22,NQ,3/22/23,FUTURE,13954.25,0,-1
1/28/22 10:37 AM,FUTURE,BUY,1,TO CLOSE,/NQH22,NQ,3/22/23,FUTURE,13992.50,0,0
1/28/22 10:38 AM,FUTURE,BUY,1,TO OPEN,/NQH22,NQ,3/22/23,FUTURE,14006.00,0,1
1/28/22 11:28 AM,FUTURE,SELL,-1,TO CLOSE,/NQH22,NQ,3/22/23,FUTURE,14231.50,0,0
1/28/22 11:35 AM,FUTURE,BUY,1,TO OPEN,/NQH22,NQ,3/22/23,FUTURE,14217.00,0,1
1/28/22 11:56 AM,FUTURE,SELL,-1,TO CLOSE,/NQH22,NQ,3/22/23,FUTURE,14270.50,0,0
1/28/22 1:03 PM,FUTURE,SELL,-1,TO OPEN,/NQH22,NQ,3/22/23,FUTURE,14222.50,0,-1
1/28/22 1:06 PM,FUTURE,BUY,1,TO CLOSE,/NQH22,NQ,3/22/23,FUTURE,14238.25,0,0
1/28/22 1:07 PM,FUTURE,BUY,1,TO OPEN,/NQH22,NQ,3/22/23,FUTURE,14235.75,0,1
1/28/22 1:16 PM,FUTURE,SELL,-1,TO CLOSE,/NQH22,NQ,3/22/23,FUTURE,14238.75,0,0
1/28/22 1:17 PM,FUTURE,BUY,1,TO OPEN,/NQH22,NQ,3/22/23,FUTURE,14248.75,0,1
1/28/22 1:23 PM,FUTURE,SELL,-1,TO CLOSE,/NQH22,NQ,3/22/23,FUTURE,14199.50,0,0
1/28/22 1:25 PM,FUTURE,BUY,1,TO OPEN,/NQH22,NQ,3/22/23,FUTURE,14225.25,0,1
1/28/22 1:27 PM,FUTURE,SELL,-1,TO CLOSE,/NQH22,NQ,3/22/23,FUTURE,14191.25,0,0
1/28/22 1:27 PM,FUTURE,SELL,-1,TO CLOSE,/NQH22,NQ,3/22/23,FUTURE,14191.50,0,-1
1/28/22 1:30 PM,FUTURE,BUY,1,TO CLOSE,/NQH22,NQ,3/22/23,FUTURE,14237.75,0,0
1/28/22 1:30 PM,FUTURE,BUY,1,TO CLOSE,/NQH22,NQ,3/22/23,FUTURE,14237.50,0,1
1/28/22 2:15 PM,FUTURE,SELL,-1,TO CLOSE,/NQH22,NQ,3/22/23,FUTURE,14119.75,0,0
1/28/22 2:16 PM,FUTURE,BUY,1,TO OPEN,/NQH22,NQ,3/22/23,FUTURE,14114.75,0,1
1/28/22 2:24 PM,FUTURE,SELL,-1,TO CLOSE,/NQH22,NQ,3/22/23,FUTURE,14076.50,0,0
1/28/22 2:27 PM,FUTURE,BUY,1,TO OPEN,/NQH22,NQ,3/22/23,FUTURE,14097.75,0,1
1/28/22 3:57 PM,FUTURE,SELL,-1,TO CLOSE,/NQH22,NQ,3/22/23,FUTURE,14411.25,0,0
1/31/22 9:34 AM,FUTURE,BUY,1,TO OPEN,/NQH22,NQ,3/22/23,FUTURE,14468.50,0,1
1/31/22 9:40 AM,FUTURE,SELL,-1,TO CLOSE,/NQH22,NQ,3/22/23,FUTURE,14561.25,0,0
2/1/22 9:34 AM,FUTURE,BUY,1,TO OPEN,/NQH22,NQ,3/22/23,FUTURE,14893.50,0,1
2/1/22 9:36 AM,FUTURE,SELL,-1,TO CLOSE,/NQH22,NQ,3/22/23,FUTURE,14887.50,0,0
2/1/22 9:36 AM,FUTURE,SELL,-1,TO OPEN,/NQH22,NQ,3/22/23,FUTURE,14877.25,0,-1
2/1/22 9:38 AM,FUTURE,BUY,1,TO CLOSE,/NQH22,NQ,3/22/23,FUTURE,14867.75,0,0
2/1/22 9:38 AM,FUTURE,BUY,1,TO OPEN,/NQH22,NQ,3/22/23,FUTURE,14884.00,0,1
2/1/22 9:42 AM,FUTURE,SELL,-1,TO CLOSE,/NQH22,NQ,3/22/23,FUTURE,14831.25,0,0
2/1/22 9:43 AM,FUTURE,BUY,1,TO OPEN,/NQH22,NQ,3/22/23,FUTURE,14789.50,0,1
2/1/22 9:50 AM,FUTURE,SELL,-1,TO CLOSE,/NQH22,NQ,3/22/23,FUTURE,14850.75,0,0
2/1/22 9:51 AM,FUTURE,SELL,-1,TO OPEN,/NQH22,NQ,3/22/23,FUTURE,14828.75,0,-1
2/1/22 9:55 AM,FUTURE,BUY,1,TO CLOSE,/NQH22,NQ,3/22/23,FUTURE,14804.25,0,0
2/1/22 10:02 AM,FUTURE,SELL,-1,TO OPEN,/NQH22,NQ,3/22/23,FUTURE,14766.75,0,-1
2/1/22 10:04 AM,FUTURE,BUY,1,TO CLOSE,/NQH22,NQ,3/22/23,FUTURE,14758.25,0,0
2/1/22 10:13 AM,FUTURE,BUY,1,TO OPEN,/NQH22,NQ,3/22/23,FUTURE,14791.75,0,1
2/1/22 10:15 AM,FUTURE,SELL,-1,TO CLOSE,/NQH22,NQ,3/22/23,FUTURE,14803.75,0,0
2/1/22 10:20 AM,FUTURE,BUY,1,TO OPEN,/NQH22,NQ,3/22/23,FUTURE,14816.25,0,1
2/1/22 10:22 AM,FUTURE,SELL,-1,TO CLOSE,/NQH22,NQ,3/22/23,FUTURE,14834.75,0,0
2/1/22 11:07 AM,FUTURE,BUY,1,TO OPEN,/NQH22,NQ,3/22/23,FUTURE,14882.50,0,1
2/1/22 11:10 AM,FUTURE,SELL,-1,TO CLOSE,/NQH22,NQ,3/22/23,FUTURE,14883.50,0,0
2/1/22 11:33 AM,FUTURE,BUY,1,TO OPEN,/NQH22,NQ,3/22/23,FUTURE,14889.50,0,1
2/1/22 11:36 AM,FUTURE,SELL,-1,TO CLOSE,/NQH22,NQ,3/22/23,FUTURE,14890.25,0,0
2/1/22 11:48 AM,FUTURE,BUY,1,TO OPEN,/NQH22,NQ,3/22/23,FUTURE,14929.00,0,1
2/1/22 12:10 PM,FUTURE,SELL,-1,TO CLOSE,/NQH22,NQ,3/22/23,FUTURE,14881.00,0,0
2/1/22 12:13 PM,FUTURE,BUY,1,TO OPEN,/NQH22,NQ,3/22/23,FUTURE,14872.25,0,1
2/1/22 12:33 PM,FUTURE,SELL,-1,TO CLOSE,/NQH22,NQ,3/22/23,FUTURE,14854.00,0,0
2/1/22 12:34 PM,FUTURE,BUY,1,TO OPEN,/NQH22,NQ,3/22/23,FUTURE,14846.25,0,1
2/1/22 3:54 PM,FUTURE,SELL,-1,TO CLOSE,/NQH22,NQ,3/22/23,FUTURE,15000.00,0,0
2/2/22 8:51 AM,FUTURE,SELL,-1,TO OPEN,/NQH22,NQ,3/22/23,FUTURE,15191.00,0,-1
2/2/22 9:09 AM,FUTURE,BUY,1,TO CLOSE,/NQH22,NQ,3/22/23,FUTURE,15173.75,0,0
2/2/22 9:31 AM,FUTURE,SELL,-1,TO OPEN,/ESH22,ES,3/22/23,FUTURE,4556.75,-1,0
2/2/22 9:38 AM,FUTURE,BUY,1,TO CLOSE,/ESH22,ES,3/22/23,FUTURE,4563.75,0,0
2/2/22 9:41 AM,FUTURE,BUY,1,TO OPEN,/NQH22,NQ,3/22/23,FUTURE,15134.50,0,1
2/2/22 9:42 AM,FUTURE,SELL,-1,TO CLOSE,/NQH22,NQ,3/22/23,FUTURE,15112.50,0,0
2/2/22 9:42 AM,FUTURE,SELL,-1,TO CLOSE,/NQH22,NQ,3/22/23,FUTURE,15112.75,0,-1
2/2/22 9:50 AM,FUTURE,BUY,1,TO CLOSE,/NQH22,NQ,3/22/23,FUTURE,15043.50,0,0
2/2/22 9:56 AM,FUTURE,BUY,1,TO CLOSE,/NQH22,NQ,3/22/23,FUTURE,15066.50,0,1
2/2/22 9:56 AM,FUTURE,SELL,-1,TO OPEN,/NQH22,NQ,3/22/23,FUTURE,15082.00,0,0
2/2/22 9:58 AM,FUTURE,BUY,1,TO OPEN,/NQH22,NQ,3/22/23,FUTURE,15102.00,0,1
2/2/22 10:00 AM,FUTURE,SELL,-1,TO CLOSE,/NQH22,NQ,3/22/23,FUTURE,15109.50,0,0
2/3/22 8:49 AM,FUTURE,SELL,-1,TO OPEN,/NQH22,NQ,3/22/23,FUTURE,14728.50,0,-1
2/3/22 8:50 AM,FUTURE,BUY,1,TO CLOSE,/NQH22,NQ,3/22/23,FUTURE,14722.50,0,0
2/3/22 9:31 AM,FUTURE,SELL,-1,TO OPEN,/NQH22,NQ,3/22/23,FUTURE,14708.25,0,-1
2/3/22 10:12 AM,FUTURE,BUY,1,TO CLOSE,/NQH22,NQ,3/22/23,FUTURE,14756.00,0,0
2/3/22 10:13 AM,FUTURE,SELL,-1,TO OPEN,/NQH22,NQ,3/22/23,FUTURE,14717.00,0,-1
2/3/22 10:15 AM,FUTURE,BUY,1,TO CLOSE,/NQH22,NQ,3/22/23,FUTURE,14767.25,0,0
2/3/22 10:15 AM,FUTURE,BUY,1,TO CLOSE,/NQH22,NQ,3/22/23,FUTURE,14767.00,0,1
2/3/22 10:32 AM,FUTURE,SELL,-1,TO OPEN,/NQH22,NQ,3/22/23,FUTURE,14791.75,0,0
2/3/22 10:32 AM,FUTURE,SELL,-1,TO CLOSE,/NQH22,NQ,3/22/23,FUTURE,14792.00,0,-1
2/3/22 10:41 AM,FUTURE,BUY,1,TO CLOSE,/NQH22,NQ,3/22/23,FUTURE,14811.00,0,0
2/3/22 10:42 AM,FUTURE,SELL,-1,TO OPEN,/NQH22,NQ,3/22/23,FUTURE,14778.50,0,-1
2/3/22 11:14 AM,FUTURE,BUY,1,TO OPEN,/NQH22,NQ,3/22/23,FUTURE,14800.50,0,0
2/3/22 11:14 AM,FUTURE,BUY,1,TO CLOSE,/NQH22,NQ,3/22/23,FUTURE,14800.00,0,1
2/3/22 11:22 AM,FUTURE,SELL,-1,TO OPEN,/NQH22,NQ,3/22/23,FUTURE,14756.75,0,0
2/3/22 11:22 AM,FUTURE,SELL,-1,TO CLOSE,/NQH22,NQ,3/22/23,FUTURE,14757.00,0,-1
2/3/22 12:07 PM,FUTURE,BUY,1,TO CLOSE,/NQH22,NQ,3/22/23,FUTURE,14646.75,0,0
2/3/22 12:26 PM,FUTURE,SELL,-1,TO OPEN,/NQH22,NQ,3/22/23,FUTURE,14672.25,0,-1
2/3/22 2:37 PM,FUTURE,BUY,1,TO CLOSE,/NQH22,NQ,3/22/23,FUTURE,14615.25,0,0
2/4/22 11:13 AM,FUTURE,SELL,-1,TO OPEN,/NQH22,NQ,3/22/23,FUTURE,14463.00,0,-1
2/4/22 11:25 AM,FUTURE,BUY,1,TO CLOSE,/NQH22,NQ,3/22/23,FUTURE,14517.50,0,0
2/4/22 11:26 AM,FUTURE,BUY,1,TO OPEN,/NQH22,NQ,3/22/23,FUTURE,14541.50,0,1
2/4/22 11:46 AM,FUTURE,SELL,-1,TO CLOSE,/NQH22,NQ,3/22/23,FUTURE,14602.00,0,0
2/4/22 11:56 AM,FUTURE,BUY,1,TO OPEN,/NQH22,NQ,3/22/23,FUTURE,14612.75,0,1
2/4/22 11:57 AM,FUTURE,SELL,-1,TO CLOSE,/NQH22,NQ,3/22/23,FUTURE,14612.25,0,0
2/4/22 11:58 AM,FUTURE,SELL,-1,TO OPEN,/NQH22,NQ,3/22/23,FUTURE,14593.00,0,-1
2/4/22 12:01 PM,FUTURE,BUY,1,TO CLOSE,/NQH22,NQ,3/22/23,FUTURE,14560.50,0,0
2/4/22 1:18 PM,FUTURE,SELL,-1,TO OPEN,/NQH22,NQ,3/22/23,FUTURE,14682.50,0,-1
2/4/22 1:20 PM,FUTURE,BUY,1,TO OPEN,/NQH22,NQ,3/22/23,FUTURE,14703.25,0,0
2/4/22 1:20 PM,FUTURE,BUY,1,TO CLOSE,/NQH22,NQ,3/22/23,FUTURE,14704.00,0,1
2/4/22 1:25 PM,FUTURE,SELL,-1,TO CLOSE,/NQH22,NQ,3/22/23,FUTURE,14723.00,0,0
2/4/22 1:33 PM,FUTURE,BUY,1,TO OPEN,/NQH22,NQ,3/22/23,FUTURE,14719.25,0,1
2/4/22 1:38 PM,FUTURE,SELL,-1,TO CLOSE,/NQH22,NQ,3/22/23,FUTURE,14697.00,0,0
2/4/22 1:40 PM,FUTURE,BUY,1,TO OPEN,/NQH22,NQ,3/22/23,FUTURE,14713.25,0,1
2/4/22 1:45 PM,FUTURE,SELL,-1,TO CLOSE,/NQH22,NQ,3/22/23,FUTURE,14731.00,0,0
2/4/22 1:47 PM,FUTURE,SELL,-1,TO OPEN,/NQH22,NQ,3/22/23,FUTURE,14714.75,0,-1
2/4/22 1:49 PM,FUTURE,BUY,1,TO CLOSE,/NQH22,NQ,3/22/23,FUTURE,14731.00,0,0
2/4/22 1:49 PM,FUTURE,BUY,1,TO CLOSE,/NQH22,NQ,3/22/23,FUTURE,14730.75,0,1
2/4/22 1:59 PM,FUTURE,SELL,-1,TO CLOSE,/NQH22,NQ,3/22/23,FUTURE,14738.00,0,0
2/4/22 2:04 PM,FUTURE,BUY,1,TO OPEN,/NQH22,NQ,3/22/23,FUTURE,14740.50,0,1
2/4/22 2:05 PM,FUTURE,SELL,-1,TO CLOSE,/NQH22,NQ,3/22/23,FUTURE,14730.25,0,0
2/4/22 2:06 PM,FUTURE,BUY,1,TO OPEN,/NQH22,NQ,3/22/23,FUTURE,14736.75,0,1
2/4/22 2:11 PM,FUTURE,SELL,-1,TO CLOSE,/NQH22,NQ,3/22/23,FUTURE,14726.50,0,0
2/4/22 2:12 PM,FUTURE,SELL,-1,TO OPEN,/NQH22,NQ,3/22/23,FUTURE,14715.50,0,-1
2/4/22 2:21 PM,FUTURE,BUY,1,TO CLOSE,/NQH22,NQ,3/22/23,FUTURE,14703.00,0,0
2/4/22 2:22 PM,FUTURE,BUY,1,TO OPEN,/NQH22,NQ,3/22/23,FUTURE,14706.25,0,1
2/4/22 2:36 PM,FUTURE,SELL,-1,TO CLOSE,/NQH22,NQ,3/22/23,FUTURE,14744.00,0,0
2/4/22 2:55 PM,FUTURE,BUY,1,TO OPEN,/NQH22,NQ,3/22/23,FUTURE,14757.50,0,1
2/4/22 3:02 PM,FUTURE,SELL,-1,TO CLOSE,/NQH22,NQ,3/22/23,FUTURE,14771.75,0,0
2/7/22 9:32 AM,FUTURE,BUY,1,TO OPEN,/NQH22,NQ,3/22/23,FUTURE,14719.75,0,1
2/7/22 9:33 AM,FUTURE,SELL,-1,TO CLOSE,/NQH22,NQ,3/22/23,FUTURE,14675.25,0,0
2/7/22 9:34 AM,FUTURE,SELL,-1,TO OPEN,/NQH22,NQ,3/22/23,FUTURE,14676.00,0,-1
2/7/22 9:35 AM,FUTURE,BUY,2,TO CLOSE,/NQH22,NQ,3/22/23,FUTURE,14705.75,0,1
2/7/22 9:49 AM,FUTURE,SELL,-1,TO CLOSE,/NQH22,NQ,3/22/23,FUTURE,14731.50,0,0
2/7/22 9:50 AM,FUTURE,BUY,1,TO OPEN,/NQH22,NQ,3/22/23,FUTURE,14762.50,0,1
2/7/22 9:56 AM,FUTURE,SELL,-1,TO CLOSE,/NQH22,NQ,3/22/23,FUTURE,14789.25,0,0
2/7/22 9:58 AM,FUTURE,BUY,1,TO OPEN,/NQH22,NQ,3/22/23,FUTURE,14774.50,0,1
2/7/22 10:03 AM,FUTURE,SELL,-1,TO OPEN,/NQH22,NQ,3/22/23,FUTURE,14738.00,0,0
2/7/22 10:03 AM,FUTURE,SELL,-1,TO CLOSE,/NQH22,NQ,3/22/23,FUTURE,14740.50,0,-1
2/7/22 10:06 AM,FUTURE,BUY,2,TO CLOSE,/NQH22,NQ,3/22/23,FUTURE,14770.25,0,1
2/7/22 10:11 AM,FUTURE,SELL,-2,TO CLOSE,/NQH22,NQ,3/22/23,FUTURE,14744.75,0,-1
2/7/22 10:33 AM,FUTURE,BUY,1,TO OPEN,/NQH22,NQ,3/22/23,FUTURE,14755.00,0,0
2/7/22 10:33 AM,FUTURE,BUY,1,TO CLOSE,/NQH22,NQ,3/22/23,FUTURE,14748.50,0,1
2/7/22 10:40 AM,FUTURE,SELL,-1,TO OPEN,/NQH22,NQ,3/22/23,FUTURE,14726.50,0,0
2/7/22 10:40 AM,FUTURE,SELL,-1,TO CLOSE,/NQH22,NQ,3/22/23,FUTURE,14725.75,0,-1
2/7/22 11:25 AM,FUTURE,BUY,1,TO CLOSE,/NQH22,NQ,3/22/23,FUTURE,14667.00,0,0
2/7/22 11:29 AM,FUTURE,SELL,-1,TO OPEN,/NQH22,NQ,3/22/23,FUTURE,14673.50,0,-1
2/7/22 11:32 AM,FUTURE,SELL,-1,TO OPEN,/NQH22,NQ,3/22/23,FUTURE,14656.75,0,-2
2/7/22 11:32 AM,FUTURE,BUY,1,TO CLOSE,/NQH22,NQ,3/22/23,FUTURE,14669.50,0,-1
2/7/22 11:39 AM,FUTURE,BUY,1,TO CLOSE,/NQH22,NQ,3/22/23,FUTURE,14604.50,0,0
2/7/22 11:44 AM,FUTURE,SELL,-1,TO OPEN,/ESH22,ES,3/22/23,FUTURE,4477.25,-1,0
2/7/22 11:51 AM,FUTURE,BUY,1,TO CLOSE,/ESH22,ES,3/22/23,FUTURE,4482.25,0,0
2/7/22 11:52 AM,FUTURE,SELL,-1,TO OPEN,/NQH22,NQ,3/22/23,FUTURE,14594.75,0,-1
2/7/22 11:55 AM,FUTURE,BUY,1,TO CLOSE,/NQH22,NQ,3/22/23,FUTURE,14591.50,0,0
2/7/22 11:56 AM,FUTURE,BUY,1,TO OPEN,/NQH22,NQ,3/22/23,FUTURE,14598.25,0,1
2/7/22 11:58 AM,FUTURE,SELL,-1,TO CLOSE,/NQH22,NQ,3/22/23,FUTURE,14605.50,0,0
2/7/22 12:00 PM,FUTURE,SELL,-1,TO OPEN,/ESH22,ES,3/22/23,FUTURE,4483.00,-1,0
2/7/22 12:03 PM,FUTURE,BUY,1,TO OPEN,/ESH22,ES,3/22/23,FUTURE,4483.00,0,0
2/7/22 12:03 PM,FUTURE,BUY,1,TO CLOSE,/ESH22,ES,3/22/23,FUTURE,4482.75,1,0
2/7/22 12:09 PM,FUTURE,SELL,-1,TO OPEN,/ESH22,ES,3/22/23,FUTURE,4479.00,0,0
2/7/22 12:09 PM,FUTURE,SELL,-1,TO CLOSE,/ESH22,ES,3/22/23,FUTURE,4478.75,-1,0
2/7/22 12:13 PM,FUTURE,BUY,1,TO CLOSE,/ESH22,ES,3/22/23,FUTURE,4481.50,0,0
2/7/22 12:14 PM,FUTURE,BUY,1,TO OPEN,/ESH22,ES,3/22/23,FUTURE,4481.25,1,0
2/7/22 12:23 PM,FUTURE,SELL,-1,TO CLOSE,/ESH22,ES,3/22/23,FUTURE,4483.50,0,0
2/7/22 12:24 PM,FUTURE,BUY,1,TO OPEN,/ESH22,ES,3/22/23,FUTURE,4484.75,1,0
2/7/22 12:27 PM,FUTURE,SELL,-1,TO OPEN,/ESH22,ES,3/22/23,FUTURE,4480.50,0,0
2/7/22 12:27 PM,FUTURE,SELL,-1,TO CLOSE,/ESH22,ES,3/22/23,FUTURE,4480.75,-1,0
2/7/22 12:42 PM,FUTURE,BUY,1,TO OPEN,/ESH22,ES,3/22/23,FUTURE,4479.50,0,0
2/7/22 12:42 PM,FUTURE,BUY,1,TO CLOSE,/ESH22,ES,3/22/23,FUTURE,4480.00,1,0
2/7/22 12:44 PM,FUTURE,SELL,-1,TO CLOSE,/ESH22,ES,3/22/23,FUTURE,4479.75,0,0
2/7/22 12:45 PM,FUTURE,BUY,1,TO OPEN,/NQH22,NQ,3/22/23,FUTURE,14593.75,0,1
2/7/22 12:51 PM,FUTURE,SELL,-1,TO CLOSE,/NQH22,NQ,3/22/23,FUTURE,14598.25,0,0
2/7/22 12:52 PM,FUTURE,BUY,1,TO OPEN,/ESH22,ES,3/22/23,FUTURE,4483.00,1,0
2/7/22 12:58 PM,FUTURE,SELL,-1,TO CLOSE,/ESH22,ES,3/22/23,FUTURE,4480.00,0,0
2/7/22 1:01 PM,FUTURE,BUY,1,TO OPEN,/NQH22,NQ,3/22/23,FUTURE,14605.00,0,1
2/7/22 1:15 PM,FUTURE,SELL,-1,TO CLOSE,/NQH22,NQ,3/22/23,FUTURE,14647.75,0,0
2/7/22 1:20 PM,FUTURE,BUY,1,TO OPEN,/NQH22,NQ,3/22/23,FUTURE,14649.50,0,1
2/7/22 1:32 PM,FUTURE,SELL,-1,TO CLOSE,/NQH22,NQ,3/22/23,FUTURE,14655.00,0,0
2/7/22 1:34 PM,FUTURE,SELL,-1,TO OPEN,/NQH22,NQ,3/22/23,FUTURE,14648.50,0,-1
2/7/22 1:38 PM,FUTURE,BUY,1,TO CLOSE,/NQH22,NQ,3/22/23,FUTURE,14660.50,0,0
2/7/22 1:39 PM,FUTURE,BUY,1,TO OPEN,/NQH22,NQ,3/22/23,FUTURE,14663.00,0,1
2/7/22 1:44 PM,FUTURE,SELL,-1,TO CLOSE,/NQH22,NQ,3/22/23,FUTURE,14655.75,0,0
2/7/22 1:46 PM,FUTURE,BUY,1,TO OPEN,/NQH22,NQ,3/22/23,FUTURE,14663.00,0,1
2/7/22 1:48 PM,FUTURE,SELL,-1,TO OPEN,/NQH22,NQ,3/22/23,FUTURE,14649.75,0,0
2/7/22 1:48 PM,FUTURE,SELL,-1,TO CLOSE,/NQH22,NQ,3/22/23,FUTURE,14647.75,0,-1
2/7/22 1:55 PM,FUTURE,BUY,1,TO OPEN,/NQH22,NQ,3/22/23,FUTURE,14648.25,0,0
2/7/22 1:55 PM,FUTURE,BUY,1,TO CLOSE,/NQH22,NQ,3/22/23,FUTURE,14648.75,0,1
2/7/22 2:00 PM,FUTURE,SELL,-1,TO CLOSE,/NQH22,NQ,3/22/23,FUTURE,14664.75,0,0
2/7/22 2:01 PM,FUTURE,BUY,1,TO OPEN,/NQH22,NQ,3/22/23,FUTURE,14669.00,0,1
2/7/22 2:08 PM,FUTURE,SELL,-1,TO OPEN,/NQH22,NQ,3/22/23,FUTURE,14639.50,0,0
2/7/22 2:08 PM,FUTURE,SELL,-1,TO CLOSE,/NQH22,NQ,3/22/23,FUTURE,14643.25,0,-1
2/7/22 2:17 PM,FUTURE,BUY,2,TO CLOSE,/NQH22,NQ,3/22/23,FUTURE,14662.50,0,1
2/7/22 2:23 PM,FUTURE,SELL,-1,TO CLOSE,/NQH22,NQ,3/22/23,FUTURE,14645.00,0,0
2/7/22 2:23 PM,FUTURE,SELL,-1,TO CLOSE,/NQH22,NQ,3/22/23,FUTURE,14645.25,0,-1
2/7/22 2:27 PM,FUTURE,BUY,2,TO CLOSE,/NQH22,NQ,3/22/23,FUTURE,14660.25,0,1
2/7/22 2:38 PM,FUTURE,SELL,-1,TO OPEN,/NQH22,NQ,3/22/23,FUTURE,14679.50,0,0
2/7/22 2:38 PM,FUTURE,SELL,-1,TO CLOSE,/NQH22,NQ,3/22/23,FUTURE,14687.00,0,-1
2/7/22 2:42 PM,FUTURE,BUY,2,TO CLOSE,/NQH22,NQ,3/22/23,FUTURE,14696.75,0,1
2/7/22 2:46 PM,FUTURE,SELL,-1,TO CLOSE,/NQH22,NQ,3/22/23,FUTURE,14697.25,0,0
2/7/22 2:49 PM,FUTURE,SELL,-1,TO OPEN,/NQH22,NQ,3/22/23,FUTURE,14686.75,0,-1
2/7/22 3:02 PM,FUTURE,BUY,1,TO CLOSE,/NQH22,NQ,3/22/23,FUTURE,14684.50,0,0
2/7/22 3:02 PM,FUTURE,BUY,1,TO CLOSE,/NQH22,NQ,3/22/23,FUTURE,14684.25,0,1
2/7/22 3:16 PM,FUTURE,SELL,-1,TO CLOSE,/NQH22,NQ,3/22/23,FUTURE,14711.00,0,0
2/7/22 3:24 PM,FUTURE,SELL,-1,TO OPEN,/NQH22,NQ,3/22/23,FUTURE,14672.75,0,-1
2/7/22 3:40 PM,FUTURE,BUY,1,TO CLOSE,/NQH22,NQ,3/22/23,FUTURE,14585.00,0,0
2/8/22 9:35 AM,FUTURE,SELL,-1,TO OPEN,/NQH22,NQ,3/22/23,FUTURE,14537.25,0,-1
2/8/22 9:37 AM,FUTURE,BUY,1,TO CLOSE,/NQH22,NQ,3/22/23,FUTURE,14574.75,0,0
2/8/22 9:38 AM,FUTURE,SELL,-1,TO OPEN,/NQH22,NQ,3/22/23,FUTURE,14564.50,0,-1
2/8/22 9:47 AM,FUTURE,SELL,-1,TO OPEN,/NQH22,NQ,3/22/23,FUTURE,14554.75,0,-2
2/8/22 9:47 AM,FUTURE,BUY,1,TO CLOSE,/NQH22,NQ,3/22/23,FUTURE,14575.50,0,-1
2/8/22 10:03 AM,FUTURE,BUY,1,TO CLOSE,/NQH22,NQ,3/22/23,FUTURE,14482.75,0,0
2/8/22 10:08 AM,FUTURE,SELL,-1,TO OPEN,/NQH22,NQ,3/22/23,FUTURE,14486.75,0,-1
2/8/22 10:17 AM,FUTURE,BUY,1,TO OPEN,/NQH22,NQ,3/22/23,FUTURE,14544.50,0,0
2/8/22 10:17 AM,FUTURE,BUY,1,TO CLOSE,/NQH22,NQ,3/22/23,FUTURE,14534.75,0,1
2/8/22 10:27 AM,FUTURE,SELL,-1,TO CLOSE,/NQH22,NQ,3/22/23,FUTURE,14506.75,0,0
2/8/22 10:27 AM,FUTURE,SELL,-1,TO CLOSE,/NQH22,NQ,3/22/23,FUTURE,14507.00,0,-1
2/8/22 10:37 AM,FUTURE,BUY,1,TO CLOSE,/NQH22,NQ,3/22/23,FUTURE,14506.25,0,0
2/8/22 10:38 AM,FUTURE,BUY,1,TO OPEN,/NQH22,NQ,3/22/23,FUTURE,14505.50,0,1
2/8/22 10:54 AM,FUTURE,SELL,-1,TO CLOSE,/NQH22,NQ,3/22/23,FUTURE,14622.75,0,0
2/9/22 9:32 AM,FUTURE,BUY,1,TO OPEN,/NQH22,NQ,3/22/23,FUTURE,14916.75,0,1
2/9/22 9:39 AM,FUTURE,SELL,-1,TO CLOSE,/NQH22,NQ,3/22/23,FUTURE,14939.50,0,0
2/9/22 9:47 AM,FUTURE,SELL,-1,TO OPEN,/NQH22,NQ,3/22/23,FUTURE,14904.25,0,-1
2/9/22 9:49 AM,FUTURE,BUY,1,TO CLOSE,/NQH22,NQ,3/22/23,FUTURE,14901.50,0,0
2/9/22 9:50 AM,FUTURE,SELL,-1,TO OPEN,/NQH22,NQ,3/22/23,FUTURE,14884.75,0,-1
2/9/22 9:54 AM,FUTURE,BUY,1,TO CLOSE,/NQH22,NQ,3/22/23,FUTURE,14879.25,0,0
2/9/22 10:06 AM,FUTURE,SELL,-1,TO OPEN,/NQH22,NQ,3/22/23,FUTURE,14891.50,0,-1
2/9/22 10:07 AM,FUTURE,BUY,1,TO CLOSE,/NQH22,NQ,3/22/23,FUTURE,14912.00,0,0
2/9/22 10:10 AM,FUTURE,SELL,-1,TO CLOSE,/NQH22,NQ,3/22/23,FUTURE,14906.75,0,-1
2/9/22 10:10 AM,FUTURE,BUY,1,TO OPEN,/NQH22,NQ,3/22/23,FUTURE,14920.25,0,0
2/9/22 10:11 AM,FUTURE,SELL,-1,TO OPEN,/NQH22,NQ,3/22/23,FUTURE,14905.75,0,-1
2/9/22 10:21 AM,FUTURE,BUY,1,TO CLOSE,/NQH22,NQ,3/22/23,FUTURE,14875.75,0,0
2/9/22 10:26 AM,FUTURE,BUY,1,TO OPEN,/NQH22,NQ,3/22/23,FUTURE,14908.25,0,1
2/9/22 10:44 AM,FUTURE,SELL,-1,TO CLOSE,/NQH22,NQ,3/22/23,FUTURE,14909.25,0,0
2/9/22 10:45 AM,FUTURE,SELL,-1,TO OPEN,/NQH22,NQ,3/22/23,FUTURE,14904.25,0,-1
2/9/22 10:50 AM,FUTURE,BUY,1,TO OPEN,/NQH22,NQ,3/22/23,FUTURE,14923.75,0,0
2/9/22 10:50 AM,FUTURE,BUY,1,TO CLOSE,/NQH22,NQ,3/22/23,FUTURE,14921.50,0,1
2/9/22 11:00 AM,FUTURE,SELL,-1,TO CLOSE,/NQH22,NQ,3/22/23,FUTURE,14962.00,0,0
2/9/22 11:03 AM,FUTURE,BUY,1,TO OPEN,/NQH22,NQ,3/22/23,FUTURE,14958.25,0,1
2/9/22 11:04 AM,FUTURE,BUY,1,TO OPEN,/NQH22,NQ,3/22/23,FUTURE,14961.75,0,2
2/9/22 11:04 AM,FUTURE,SELL,-1,TO CLOSE,/NQH22,NQ,3/22/23,FUTURE,14959.00,0,1
2/9/22 11:05 AM,FUTURE,SELL,-1,TO CLOSE,/NQH22,NQ,3/22/23,FUTURE,14963.75,0,0
2/9/22 11:23 AM,FUTURE,BUY,1,TO OPEN,/NQH22,NQ,3/22/23,FUTURE,14949.75,0,1
2/9/22 11:27 AM,FUTURE,SELL,-1,TO OPEN,/NQH22,NQ,3/22/23,FUTURE,14940.75,0,0
2/9/22 11:27 AM,FUTURE,SELL,-1,TO CLOSE,/NQH22,NQ,3/22/23,FUTURE,14943.75,0,-1
2/9/22 11:35 AM,FUTURE,BUY,1,TO OPEN,/NQH22,NQ,3/22/23,FUTURE,14949.50,0,0
2/9/22 11:35 AM,FUTURE,BUY,1,TO CLOSE,/NQH22,NQ,3/22/23,FUTURE,14947.00,0,1
2/9/22 11:37 AM,FUTURE,SELL,-1,TO CLOSE,/NQH22,NQ,3/22/23,FUTURE,14943.00,0,0
2/9/22 11:37 AM,FUTURE,SELL,-1,TO CLOSE,/NQH22,NQ,3/22/23,FUTURE,14943.25,0,-1
2/9/22 11:49 AM,FUTURE,BUY,1,TO CLOSE,/NQH22,NQ,3/22/23,FUTURE,14955.50,0,0
2/9/22 11:49 AM,FUTURE,BUY,1,TO CLOSE,/NQH22,NQ,3/22/23,FUTURE,14955.25,0,1
2/9/22 11:54 AM,FUTURE,SELL,-1,TO OPEN,/NQH22,NQ,3/22/23,FUTURE,14934.75,0,0
2/9/22 11:54 AM,FUTURE,SELL,-1,TO CLOSE,/NQH22,NQ,3/22/23,FUTURE,14937.25,0,-1
2/9/22 12:15 PM,FUTURE,BUY,1,TO OPEN,/NQH22,NQ,3/22/23,FUTURE,14936.75,0,0
2/9/22 12:15 PM,FUTURE,BUY,1,TO CLOSE,/NQH22,NQ,3/22/23,FUTURE,14936.00,0,1
2/9/22 12:31 PM,FUTURE,SELL,-1,TO OPEN,/NQH22,NQ,3/22/23,FUTURE,14944.75,0,0
2/9/22 12:31 PM,FUTURE,SELL,-1,TO CLOSE,/NQH22,NQ,3/22/23,FUTURE,14938.50,0,-1
2/9/22 12:33 PM,FUTURE,BUY,2,TO CLOSE,/NQH22,NQ,3/22/23,FUTURE,14954.50,0,1
2/9/22 12:47 PM,FUTURE,SELL,-1,TO CLOSE,/NQH22,NQ,3/22/23,FUTURE,14977.75,0,0
2/9/22 1:07 PM,FUTURE,BUY,1,TO OPEN,/NQH22,NQ,3/22/23,FUTURE,14989.25,0,1
2/9/22 1:11 PM,FUTURE,SELL,-2,TO CLOSE,/NQH22,NQ,3/22/23,FUTURE,14978.75,0,-1
2/9/22 1:18 PM,FUTURE,BUY,1,TO CLOSE,/NQH22,NQ,3/22/23,FUTURE,14983.50,0,0
2/9/22 1:18 PM,FUTURE,BUY,1,TO CLOSE,/NQH22,NQ,3/22/23,FUTURE,14983.25,0,1
2/9/22 1:26 PM,FUTURE,SELL,-2,TO CLOSE,/NQH22,NQ,3/22/23,FUTURE,14973.25,0,-1
2/9/22 1:27 PM,FUTURE,BUY,2,TO CLOSE,/NQH22,NQ,3/22/23,FUTURE,14987.25,0,1
2/9/22 1:34 PM,FUTURE,SELL,-1,TO CLOSE,/NQH22,NQ,3/22/23,FUTURE,14976.75,0,0
2/9/22 1:37 PM,FUTURE,SELL,-1,TO OPEN,/NQH22,NQ,3/22/23,FUTURE,14972.50,0,-1
2/9/22 1:44 PM,FUTURE,BUY,2,TO CLOSE,/NQH22,NQ,3/22/23,FUTURE,14976.75,0,1
2/9/22 1:57 PM,FUTURE,SELL,-2,TO CLOSE,/NQH22,NQ,3/22/23,FUTURE,14968.75,0,-1
2/9/22 1:59 PM,FUTURE,BUY,2,TO CLOSE,/NQH22,NQ,3/22/23,FUTURE,14976.25,0,1
2/9/22 2:10 PM,FUTURE,SELL,-1,TO CLOSE,/NQH22,NQ,3/22/23,FUTURE,15008.25,0,0
2/9/22 2:28 PM,FUTURE,BUY,1,TO OPEN,/NQH22,NQ,3/22/23,FUTURE,15009.25,0,1
2/9/22 2:46 PM,FUTURE,SELL,-1,TO CLOSE,/NQH22,NQ,3/22/23,FUTURE,15014.25,0,0
2/9/22 2:48 PM,FUTURE,SELL,-1,TO OPEN,/NQH22,NQ,3/22/23,FUTURE,15009.75,0,-1
2/9/22 2:58 PM,FUTURE,BUY,1,TO CLOSE,/NQH22,NQ,3/22/23,FUTURE,14992.75,0,0
2/9/22 3:00 PM,FUTURE,SELL,-1,TO OPEN,/NQH22,NQ,3/22/23,FUTURE,14979.75,0,-1
2/9/22 3:13 PM,FUTURE,BUY,1,TO CLOSE,/NQH22,NQ,3/22/23,FUTURE,14976.25,0,0
2/9/22 3:27 PM,FUTURE,SELL,-1,TO OPEN,/NQH22,NQ,3/22/23,FUTURE,14974.00,0,-1
2/9/22 3:30 PM,FUTURE,BUY,1,TO CLOSE,/NQH22,NQ,3/22/23,FUTURE,15007.25,0,0
2/9/22 3:30 PM,FUTURE,BUY,1,TO CLOSE,/NQH22,NQ,3/22/23,FUTURE,15007.00,0,1
2/9/22 3:40 PM,FUTURE,SELL,-1,TO OPEN,/NQH22,NQ,3/22/23,FUTURE,15017.25,0,0
2/9/22 3:40 PM,FUTURE,SELL,-1,TO CLOSE,/NQH22,NQ,3/22/23,FUTURE,15024.50,0,-1
2/9/22 3:41 PM,FUTURE,BUY,1,TO CLOSE,/NQH22,NQ,3/22/23,FUTURE,14996.00,0,0
2/9/22 3:42 PM,FUTURE,SELL,-1,TO OPEN,/NQH22,NQ,3/22/23,FUTURE,14995.00,0,-1
2/9/22 3:43 PM,FUTURE,BUY,1,TO CLOSE,/NQH22,NQ,3/22/23,FUTURE,14991.25,0,0
2/9/22 3:44 PM,FUTURE,BUY,1,TO OPEN,/NQH22,NQ,3/22/23,FUTURE,15004.50,0,1
2/9/22 3:45 PM,FUTURE,SELL,-1,TO CLOSE,/NQH22,NQ,3/22/23,FUTURE,15005.25,0,0
2/9/22 3:52 PM,FUTURE,BUY,1,TO OPEN,/NQH22,NQ,3/22/23,FUTURE,15031.75,0,1
2/9/22 3:55 PM,FUTURE,SELL,-2,TO CLOSE,/NQH22,NQ,3/22/23,FUTURE,15017.00,0,-1
2/9/22 3:57 PM,FUTURE,BUY,2,TO CLOSE,/NQH22,NQ,3/22/23,FUTURE,15033.00,0,1
2/9/22 4:23 PM,FUTURE,SELL,-1,TO CLOSE,/NQH22,NQ,3/22/23,FUTURE,15055.50,0,0
2/9/22 7:34 PM,FUTURE,SELL,-1,TO OPEN,/NQH22,NQ,3/22/23,FUTURE,15025.50,0,-1
2/9/22 7:50 PM,FUTURE,BUY,1,TO CLOSE,/NQH22,NQ,3/22/23,FUTURE,15019.00,0,0
2/10/22 2:01 AM,FUTURE,SELL,-1,TO OPEN,/NQH22,NQ,3/22/23,FUTURE,15012.75,0,-1
2/10/22 2:11 AM,FUTURE,BUY,1,TO CLOSE,/NQH22,NQ,3/22/23,FUTURE,15012.50,0,0
2/10/22 2:12 AM,FUTURE,BUY,1,TO OPEN,/NQH22,NQ,3/22/23,FUTURE,15013.75,0,1
2/10/22 2:17 AM,FUTURE,SELL,-2,TO CLOSE,/NQH22,NQ,3/22/23,FUTURE,15007.75,0,-1
2/10/22 2:25 AM,FUTURE,BUY,1,TO OPEN,/NQH22,NQ,3/22/23,FUTURE,15012.75,0,0
2/10/22 2:25 AM,FUTURE,BUY,1,TO CLOSE,/NQH22,NQ,3/22/23,FUTURE,15012.50,0,1
2/10/22 3:01 AM,FUTURE,SELL,-1,TO CLOSE,/NQH22,NQ,3/22/23,FUTURE,15026.75,0,0
2/10/22 3:05 AM,FUTURE,SELL,-1,TO OPEN,/NQH22,NQ,3/22/23,FUTURE,15025.00,0,-1
2/10/22 3:07 AM,FUTURE,BUY,1,TO CLOSE,/NQH22,NQ,3/22/23,FUTURE,15022.25,0,0
2/10/22 3:09 AM,FUTURE,SELL,-1,TO OPEN,/NQH22,NQ,3/22/23,FUTURE,15016.25,0,-1
2/10/22 3:12 AM,FUTURE,BUY,2,TO CLOSE,/NQH22,NQ,3/22/23,FUTURE,15027.25,0,1
2/10/22 3:16 AM,FUTURE,SELL,-1,TO CLOSE,/NQH22,NQ,3/22/23,FUTURE,15019.25,0,0
2/10/22 3:16 AM,FUTURE,SELL,-1,TO CLOSE,/NQH22,NQ,3/22/23,FUTURE,15019.50,0,-1
2/10/22 3:40 AM,FUTURE,BUY,1,TO CLOSE,/NQH22,NQ,3/22/23,FUTURE,15000.50,0,0
2/10/22 3:51 AM,FUTURE,SELL,-1,TO OPEN,/NQH22,NQ,3/22/23,FUTURE,14984.25,0,-1
2/10/22 4:04 AM,FUTURE,BUY,1,TO CLOSE,/NQH22,NQ,3/22/23,FUTURE,14981.25,0,0
2/10/22 10:52 AM,FUTURE,SELL,-1,TO OPEN,/NQH22,NQ,3/22/23,FUTURE,14958.25,0,-1
2/10/22 10:57 AM,FUTURE,BUY,1,TO CLOSE,/NQH22,NQ,3/22/23,FUTURE,14910.50,0,0
2/10/22 12:51 PM,FUTURE,SELL,-1,TO OPEN,/NQH22,NQ,3/22/23,FUTURE,14817.25,0,-1
2/10/22 12:52 PM,FUTURE,BUY,1,TO CLOSE,/NQH22,NQ,3/22/23,FUTURE,14812.50,0,0
2/10/22 1:16 PM,FUTURE,SELL,-1,TO OPEN,/NQH22,NQ,3/22/23,FUTURE,14840.50,0,-1
2/10/22 1:17 PM,FUTURE,BUY,1,TO CLOSE,/NQH22,NQ,3/22/23,FUTURE,14821.75,0,0
2/10/22 1:31 PM,FUTURE,SELL,-1,TO OPEN,/NQH22,NQ,3/22/23,FUTURE,14780.00,0,-1
2/10/22 1:32 PM,FUTURE,BUY,1,TO CLOSE,/NQH22,NQ,3/22/23,FUTURE,14764.00,0,0
2/10/22 1:34 PM,FUTURE,SELL,-1,TO OPEN,/NQH22,NQ,3/22/23,FUTURE,14755.00,0,-1
2/10/22 1:35 PM,FUTURE,BUY,1,TO CLOSE,/NQH22,NQ,3/22/23,FUTURE,14756.75,0,0
2/10/22 1:37 PM,FUTURE,SELL,-1,TO OPEN,/NQH22,NQ,3/22/23,FUTURE,14739.00,0,-1
2/10/22 1:38 PM,FUTURE,BUY,1,TO CLOSE,/NQH22,NQ,3/22/23,FUTURE,14733.25,0,0
2/10/22 2:11 PM,FUTURE,SELL,-1,TO OPEN,/NQH22,NQ,3/22/23,FUTURE,14765.50,0,-1
2/10/22 2:14 PM,FUTURE,BUY,1,TO CLOSE,/NQH22,NQ,3/22/23,FUTURE,14760.50,0,0
2/10/22 2:16 PM,FUTURE,SELL,-1,TO OPEN,/NQH22,NQ,3/22/23,FUTURE,14736.25,0,-1
2/10/22 2:21 PM,FUTURE,BUY,1,TO CLOSE,/NQH22,NQ,3/22/23,FUTURE,14720.75,0,0
2/14/22 10:15 AM,FUTURE,SELL,-1,TO OPEN,/NQH22,NQ,3/22/23,FUTURE,14243.75,0,-1
2/14/22 10:23 AM,FUTURE,BUY,1,TO OPEN,/NQH22,NQ,3/22/23,FUTURE,14288.00,0,0
2/14/22 10:23 AM,FUTURE,BUY,1,TO CLOSE,/NQH22,NQ,3/22/23,FUTURE,14278.00,0,1
2/14/22 10:31 AM,FUTURE,SELL,-2,TO CLOSE,/NQH22,NQ,3/22/23,FUTURE,14244.50,0,-1
2/14/22 10:41 AM,FUTURE,BUY,1,TO OPEN,/NQH22,NQ,3/22/23,FUTURE,14263.75,0,0
2/14/22 10:41 AM,FUTURE,BUY,1,TO CLOSE,/NQH22,NQ,3/22/23,FUTURE,14243.25,0,1
2/14/22 10:52 AM,FUTURE,SELL,-1,TO CLOSE,/NQH22,NQ,3/22/23,FUTURE,14278.25,0,0
2/14/22 10:53 AM,FUTURE,BUY,1,TO OPEN,/NQH22,NQ,3/22/23,FUTURE,14278.50,0,1
2/14/22 11:24 AM,FUTURE,SELL,-1,TO CLOSE,/NQH22,NQ,3/22/23,FUTURE,14344.00,0,0
2/14/22 2:01 PM,FUTURE,SELL,-1,TO OPEN,/NQH22,NQ,3/22/23,FUTURE,14147.25,0,-1
2/14/22 2:09 PM,FUTURE,BUY,1,TO CLOSE,/NQH22,NQ,3/22/23,FUTURE,14132.50,0,0
2/14/22 2:10 PM,FUTURE,SELL,-1,TO OPEN,/NQH22,NQ,3/22/23,FUTURE,14109.25,0,-1
2/14/22 2:29 PM,FUTURE,BUY,1,TO CLOSE,/NQH22,NQ,3/22/23,FUTURE,14230.00,0,0
2/14/22 2:29 PM,FUTURE,BUY,1,TO CLOSE,/NQH22,NQ,3/22/23,FUTURE,14229.75,0,1
2/14/22 2:30 PM,FUTURE,SELL,-1,TO CLOSE,/NQH22,NQ,3/22/23,FUTURE,14179.00,0,0
2/14/22 2:31 PM,FUTURE,SELL,-1,TO OPEN,/NQH22,NQ,3/22/23,FUTURE,14187.25,0,-1
2/14/22 2:34 PM,FUTURE,BUY,2,TO CLOSE,/NQH22,NQ,3/22/23,FUTURE,14199.75,0,1
2/14/22 2:42 PM,FUTURE,SELL,-1,TO CLOSE,/NQH22,NQ,3/22/23,FUTURE,14206.75,0,0
2/14/22 2:43 PM,FUTURE,SELL,-1,TO OPEN,/NQH22,NQ,3/22/23,FUTURE,14201.00,0,-1
2/14/22 2:51 PM,FUTURE,BUY,1,TO OPEN,/NQH22,NQ,3/22/23,FUTURE,14256.75,0,0
2/14/22 2:51 PM,FUTURE,BUY,1,TO CLOSE,/NQH22,NQ,3/22/23,FUTURE,14252.75,0,1
2/14/22 2:57 PM,FUTURE,SELL,-1,TO CLOSE,/NQH22,NQ,3/22/23,FUTURE,14220.50,0,0
2/14/22 2:59 PM,FUTURE,BUY,1,TO OPEN,/NQH22,NQ,3/22/23,FUTURE,14233.75,0,1
2/14/22 3:05 PM,FUTURE,SELL,-2,TO CLOSE,/NQH22,NQ,3/22/23,FUTURE,14198.00,0,-1
2/14/22 3:13 PM,FUTURE,BUY,2,TO CLOSE,/NQH22,NQ,3/22/23,FUTURE,14244.00,0,1
2/14/22 3:14 PM,FUTURE,SELL,-1,TO CLOSE,/NQH22,NQ,3/22/23,FUTURE,14229.00,0,0
2/14/22 3:17 PM,FUTURE,SELL,-1,TO OPEN,/NQH22,NQ,3/22/23,FUTURE,14204.75,0,-1
2/14/22 3:23 PM,FUTURE,BUY,1,TO CLOSE,/NQH22,NQ,3/22/23,FUTURE,14261.50,0,0
2/14/22 7:23 PM,FUTURE,SELL,-1,TO OPEN,/NQH22,NQ,3/22/23,FUTURE,14267.50,0,-1
2/14/22 7:32 PM,FUTURE,BUY,1,TO CLOSE,/NQH22,NQ,3/22/23,FUTURE,14258.75,0,0
2/14/22 8:01 PM,FUTURE,SELL,-1,TO OPEN,/NQH22,NQ,3/22/23,FUTURE,14282.50,0,-1
2/14/22 8:05 PM,FUTURE,BUY,1,TO CLOSE,/NQH22,NQ,3/22/23,FUTURE,14280.00,0,0
2/14/22 8:34 PM,FUTURE,SELL,-1,TO OPEN,/NQH22,NQ,3/22/23,FUTURE,14265.50,0,-1
2/14/22 8:51 PM,FUTURE,BUY,1,TO CLOSE,/NQH22,NQ,3/22/23,FUTURE,14292.75,0,0
2/14/22 11:10 PM,FUTURE,SELL,-1,TO OPEN,/NQH22,NQ,3/22/23,FUTURE,14279.50,0,-1
2/15/22 1:58 AM,FUTURE,BUY,1,TO CLOSE,/NQH22,NQ,3/22/23,FUTURE,14272.75,0,0
2/15/22 2:01 AM,FUTURE,SELL,-1,TO OPEN,/NQH22,NQ,3/22/23,FUTURE,14259.50,0,-1
2/15/22 2:06 AM,FUTURE,BUY,1,TO CLOSE,/NQH22,NQ,3/22/23,FUTURE,14287.00,0,0
2/15/22 2:06 AM,FUTURE,BUY,1,TO CLOSE,/NQH22,NQ,3/22/23,FUTURE,14286.75,0,1
2/15/22 2:29 AM,FUTURE,SELL,-2,TO CLOSE,/NQH22,NQ,3/22/23,FUTURE,14268.25,0,-1
2/15/22 2:33 AM,FUTURE,BUY,1,TO CLOSE,/NQH22,NQ,3/22/23,FUTURE,14277.25,0,0
2/15/22 2:36 AM,FUTURE,SELL,-1,TO OPEN,/ESH22,ES,3/22/23,FUTURE,4390.50,-1,0
2/15/22 2:41 AM,FUTURE,BUY,1,TO CLOSE,/ESH22,ES,3/22/23,FUTURE,4387.25,0,0
2/15/22 7:51 AM,FUTURE,SELL,-1,TO OPEN,/NQH22,NQ,3/22/23,FUTURE,14534.50,0,-1
2/15/22 8:17 AM,FUTURE,BUY,1,TO CLOSE,/NQH22,NQ,3/22/23,FUTURE,14535.75,0,0
2/15/22 9:40 AM,FUTURE,SELL,-1,TO OPEN,/NQH22,NQ,3/22/23,FUTURE,14494.25,0,-1
2/15/22 9:54 AM,FUTURE,BUY,1,TO CLOSE,/NQH22,NQ,3/22/23,FUTURE,14481.25,0,0
2/15/22 9:55 AM,FUTURE,BUY,1,TO OPEN,/NQH22,NQ,3/22/23,FUTURE,14491.00,0,1
2/15/22 10:03 AM,FUTURE,SELL,-1,TO CLOSE,/NQH22,NQ,3/22/23,FUTURE,14496.25,0,0
2/15/22 10:04 AM,FUTURE,SELL,-1,TO OPEN,/NQH22,NQ,3/22/23,FUTURE,14489.25,0,-1
2/15/22 10:23 AM,FUTURE,BUY,1,TO CLOSE,/NQH22,NQ,3/22/23,FUTURE,14481.00,0,0
2/15/22 10:25 AM,FUTURE,SELL,-1,TO OPEN,/NQH22,NQ,3/22/23,FUTURE,14465.00,0,-1
2/15/22 10:30 AM,FUTURE,BUY,1,TO OPEN,/NQH22,NQ,3/22/23,FUTURE,14504.50,0,0
2/15/22 10:30 AM,FUTURE,BUY,1,TO CLOSE,/NQH22,NQ,3/22/23,FUTURE,14499.25,0,1
2/15/22 10:51 AM,FUTURE,SELL,-1,TO CLOSE,/NQH22,NQ,3/22/23,FUTURE,14538.25,0,0
2/15/22 10:55 AM,FUTURE,BUY,1,TO OPEN,/NQH22,NQ,3/22/23,FUTURE,14542.50,0,1
2/15/22 11:55 AM,FUTURE,SELL,-1,TO CLOSE,/NQH22,NQ,3/22/23,FUTURE,14546.50,0,0
2/15/22 12:30 PM,FUTURE,SELL,-1,TO OPEN,/NQH22,NQ,3/22/23,FUTURE,14472.50,0,-1
2/15/22 12:48 PM,FUTURE,BUY,1,TO CLOSE,/NQH22,NQ,3/22/23,FUTURE,14444.50,0,0
2/15/22 1:04 PM,FUTURE,BUY,1,TO OPEN,/NQH22,NQ,3/22/23,FUTURE,14484.25,0,1
2/15/22 1:09 PM,FUTURE,SELL,-1,TO CLOSE,/NQH22,NQ,3/22/23,FUTURE,14492.00,0,0
2/15/22 1:42 PM,FUTURE,BUY,1,TO OPEN,/ESH22,ES,3/22/23,FUTURE,4457.75,1,0
2/15/22 4:43 PM,FUTURE,SELL,-1,TO CLOSE,/ESH22,ES,3/22/23,FUTURE,4457.75,0,0
2/16/22 4:25 AM,FUTURE,SELL,-1,TO OPEN,/ESH22,ES,3/22/23,FUTURE,4467.00,-1,0
2/16/22 8:57 AM,FUTURE,BUY,1,TO CLOSE,/ESH22,ES,3/22/23,FUTURE,4446.00,0,0
2/17/22 7:22 AM,FUTURE,SELL,-1,TO OPEN,/NQH22,NQ,3/22/23,FUTURE,14520.75,0,-1
2/17/22 7:44 AM,FUTURE,BUY,1,TO CLOSE,/NQH22,NQ,3/22/23,FUTURE,14546.75,0,0
2/17/22 7:49 AM,FUTURE,SELL,-1,TO OPEN,/NQH22,NQ,3/22/23,FUTURE,14547.25,0,-1
2/17/22 7:59 AM,FUTURE,BUY,1,TO CLOSE,/NQH22,NQ,3/22/23,FUTURE,14547.00,0,0
2/17/22 8:06 AM,FUTURE,SELL,-1,TO OPEN,/NQH22,NQ,3/22/23,FUTURE,14531.75,0,-1
2/17/22 8:38 AM,FUTURE,BUY,1,TO CLOSE,/NQH22,NQ,3/22/23,FUTURE,14520.25,0,0
2/17/22 8:41 AM,FUTURE,SELL,-1,TO OPEN,/NQH22,NQ,3/22/23,FUTURE,14487.25,0,-1
2/17/22 9:48 AM,FUTURE,BUY,1,TO CLOSE,/NQH22,NQ,3/22/23,FUTURE,14420.75,0,0
2/18/22 9:12 AM,FUTURE,SELL,-1,TO OPEN,/NQH22,NQ,3/22/23,FUTURE,14171.75,0,-1
2/18/22 9:24 AM,FUTURE,BUY,1,TO CLOSE,/NQH22,NQ,3/22/23,FUTURE,14169.50,0,0
2/18/22 9:33 AM,FUTURE,SELL,-1,TO OPEN,/NQH22,NQ,3/22/23,FUTURE,14179.00,0,-1
2/18/22 9:36 AM,FUTURE,BUY,1,TO CLOSE,/NQH22,NQ,3/22/23,FUTURE,14129.25,0,0
2/18/22 9:40 AM,FUTURE,SELL,-1,TO OPEN,/NQH22,NQ,3/22/23,FUTURE,14123.25,0,-1
2/18/22 9:41 AM,FUTURE,BUY,1,TO CLOSE,/NQH22,NQ,3/22/23,FUTURE,14096.25,0,0
2/21/22 9:43 AM,FUTURE,SELL,-1,TO OPEN,/NQH22,NQ,3/22/23,FUTURE,13836.75,0,-1
2/21/22 9:51 AM,FUTURE,BUY,1,TO CLOSE,/NQH22,NQ,3/22/23,FUTURE,13836.50,0,0
2/21/22 9:56 AM,FUTURE,SELL,-1,TO OPEN,/NQH22,NQ,3/22/23,FUTURE,13825.50,0,-1
2/21/22 10:28 AM,FUTURE,BUY,1,TO CLOSE,/NQH22,NQ,3/22/23,FUTURE,13870.00,0,0
2/21/22 10:33 AM,FUTURE,SELL,-1,TO OPEN,/NQH22,NQ,3/22/23,FUTURE,13858.25,0,-1
2/21/22 6:00 PM,FUTURE,BUY,1,TO CLOSE,/NQH22,NQ,3/22/23,FUTURE,13612.25,0,0
2/22/22 2:05 PM,FUTURE,SELL,-1,TO OPEN,/NQH22,NQ,3/22/23,FUTURE,13737.00,0,-1
2/22/22 2:10 PM,FUTURE,BUY,1,TO CLOSE,/NQH22,NQ,3/22/23,FUTURE,13718.00,0,0
2/23/22 9:41 AM,FUTURE,SELL,-1,TO OPEN,/NQH22,NQ,3/22/23,FUTURE,13976.00,0,-1
2/23/22 9:42 AM,FUTURE,BUY,1,TO CLOSE,/NQH22,NQ,3/22/23,FUTURE,13964.50,0,0
2/23/22 9:45 AM,FUTURE,BUY,1,TO OPEN,/NQH22,NQ,3/22/23,FUTURE,13969.25,0,1
2/23/22 9:46 AM,FUTURE,SELL,-1,TO CLOSE,/NQH22,NQ,3/22/23,FUTURE,13975.75,0,0
2/23/22 9:59 AM,FUTURE,SELL,-1,TO OPEN,/NQH22,NQ,3/22/23,FUTURE,13900.75,0,-1
2/23/22 10:00 AM,FUTURE,BUY,1,TO CLOSE,/NQH22,NQ,3/22/23,FUTURE,13884.00,0,0
2/23/22 10:07 AM,FUTURE,SELL,-1,TO OPEN,/NQH22,NQ,3/22/23,FUTURE,13853.50,0,-1
2/23/22 10:09 AM,FUTURE,BUY,1,TO CLOSE,/NQH22,NQ,3/22/23,FUTURE,13838.25,0,0
2/23/22 10:18 AM,FUTURE,BUY,1,TO OPEN,/NQH22,NQ,3/22/23,FUTURE,13865.50,0,1
2/23/22 10:19 AM,FUTURE,SELL,-1,TO OPEN,/NQH22,NQ,3/22/23,FUTURE,13838.50,0,0
2/23/22 10:19 AM,FUTURE,SELL,-1,TO CLOSE,/NQH22,NQ,3/22/23,FUTURE,13842.75,0,-1
2/23/22 10:20 AM,FUTURE,BUY,1,TO OPEN,/NQH22,NQ,3/22/23,FUTURE,13859.25,0,0
2/23/22 10:20 AM,FUTURE,BUY,1,TO CLOSE,/NQH22,NQ,3/22/23,FUTURE,13860.25,0,1
2/23/22 10:24 AM,FUTURE,SELL,-2,TO CLOSE,/NQH22,NQ,3/22/23,FUTURE,13841.25,0,-1
2/23/22 10:31 AM,FUTURE,BUY,1,TO CLOSE,/NQH22,NQ,3/22/23,FUTURE,13806.00,0,0
2/23/22 10:32 AM,FUTURE,BUY,1,TO OPEN,/NQH22,NQ,3/22/23,FUTURE,13823.25,0,1
2/23/22 10:40 AM,FUTURE,SELL,-1,TO OPEN,/NQH22,NQ,3/22/23,FUTURE,13799.50,0,0
2/23/22 10:40 AM,FUTURE,SELL,-1,TO CLOSE,/NQH22,NQ,3/22/23,FUTURE,13810.50,0,-1
2/23/22 10:47 AM,FUTURE,BUY,1,TO CLOSE,/NQH22,NQ,3/22/23,FUTURE,13791.75,0,0
2/23/22 10:48 AM,FUTURE,BUY,1,TO OPEN,/NQH22,NQ,3/22/23,FUTURE,13792.25,0,1
2/23/22 10:49 AM,FUTURE,SELL,-1,TO OPEN,/NQH22,NQ,3/22/23,FUTURE,13778.00,0,0
2/23/22 10:49 AM,FUTURE,SELL,-1,TO CLOSE,/NQH22,NQ,3/22/23,FUTURE,13778.25,0,-1
2/23/22 10:51 AM,FUTURE,BUY,1,TO CLOSE,/NQH22,NQ,3/22/23,FUTURE,13791.50,0,0
2/23/22 10:51 AM,FUTURE,BUY,1,TO CLOSE,/NQH22,NQ,3/22/23,FUTURE,13791.25,0,1
2/23/22 10:54 AM,FUTURE,SELL,-1,TO CLOSE,/NQH22,NQ,3/22/23,FUTURE,13773.25,0,0
2/23/22 10:55 AM,FUTURE,SELL,-1,TO OPEN,/NQH22,NQ,3/22/23,FUTURE,13773.25,0,-1
2/23/22 10:57 AM,FUTURE,BUY,2,TO CLOSE,/NQH22,NQ,3/22/23,FUTURE,13784.25,0,1
2/23/22 11:00 AM,FUTURE,SELL,-2,TO CLOSE,/NQH22,NQ,3/22/23,FUTURE,13771.75,0,-1
2/23/22 11:01 AM,FUTURE,BUY,1,TO CLOSE,/NQH22,NQ,3/22/23,FUTURE,13786.25,0,0
2/23/22 11:03 AM,FUTURE,SELL,-1,TO OPEN,/NQH22,NQ,3/22/23,FUTURE,13766.50,0,-1
2/23/22 11:10 AM,FUTURE,BUY,1,TO CLOSE,/NQH22,NQ,3/22/23,FUTURE,13742.00,0,0
2/23/22 11:11 AM,FUTURE,SELL,-1,TO OPEN,/NQH22,NQ,3/22/23,FUTURE,13743.50,0,-1
2/23/22 11:14 AM,FUTURE,BUY,1,TO CLOSE,/NQH22,NQ,3/22/23,FUTURE,13752.50,0,0
2/23/22 11:15 AM,FUTURE,SELL,-1,TO OPEN,/NQH22,NQ,3/22/23,FUTURE,13735.25,0,-1
2/23/22 11:20 AM,FUTURE,BUY,1,TO CLOSE,/NQH22,NQ,3/22/23,FUTURE,13737.75,0,0
2/23/22 11:23 AM,FUTURE,SELL,-1,TO OPEN,/NQH22,NQ,3/22/23,FUTURE,13732.50,0,-1
2/23/22 11:25 AM,FUTURE,BUY,1,TO CLOSE,/NQH22,NQ,3/22/23,FUTURE,13750.50,0,0
2/23/22 11:26 AM,FUTURE,BUY,1,TO OPEN,/NQH22,NQ,3/22/23,FUTURE,13746.25,0,1
2/23/22 11:28 AM,FUTURE,SELL,-2,TO CLOSE,/NQH22,NQ,3/22/23,FUTURE,13735.50,0,-1
2/23/22 11:31 AM,FUTURE,BUY,1,TO CLOSE,/NQH22,NQ,3/22/23,FUTURE,13751.50,0,0
2/23/22 11:32 AM,FUTURE,BUY,1,TO OPEN,/NQH22,NQ,3/22/23,FUTURE,13757.25,0,1
2/23/22 11:59 AM,FUTURE,SELL,-1,TO CLOSE,/NQH22,NQ,3/22/23,FUTURE,13811.25,0,0
2/23/22 12:49 PM,FUTURE,SELL,-1,TO OPEN,/NQH22,NQ,3/22/23,FUTURE,13798.75,0,-1
2/23/22 12:56 PM,FUTURE,BUY,1,TO CLOSE,/NQH22,NQ,3/22/23,FUTURE,13768.00,0,0
2/23/22 1:10 PM,FUTURE,SELL,-1,TO OPEN,/NQH22,NQ,3/22/23,FUTURE,13734.75,0,-1
2/23/22 1:17 PM,FUTURE,BUY,1,TO CLOSE,/NQH22,NQ,3/22/23,FUTURE,13701.50,0,0
2/23/22 1:18 PM,FUTURE,SELL,-1,TO OPEN,/NQH22,NQ,3/22/23,FUTURE,13692.25,0,-1
2/23/22 1:36 PM,FUTURE,BUY,1,TO CLOSE,/NQH22,NQ,3/22/23,FUTURE,13677.25,0,0
2/23/22 1:51 PM,FUTURE,SELL,-1,TO OPEN,/NQH22,NQ,3/22/23,FUTURE,13692.00,0,-1
2/23/22 1:56 PM,FUTURE,BUY,1,TO CLOSE,/NQH22,NQ,3/22/23,FUTURE,13678.25,0,0
2/23/22 1:59 PM,FUTURE,SELL,-1,TO OPEN,/NQH22,NQ,3/22/23,FUTURE,13680.75,0,-1
2/23/22 2:10 PM,FUTURE,BUY,1,TO CLOSE,/NQH22,NQ,3/22/23,FUTURE,13700.00,0,0
2/23/22 2:11 PM,FUTURE,SELL,-1,TO OPEN,/NQH22,NQ,3/22/23,FUTURE,13679.00,0,-1
2/23/22 2:18 PM,FUTURE,BUY,1,TO CLOSE,/NQH22,NQ,3/22/23,FUTURE,13695.00,0,0
2/23/22 2:19 PM,FUTURE,SELL,-1,TO OPEN,/NQH22,NQ,3/22/23,FUTURE,13675.25,0,-1
2/23/22 2:26 PM,FUTURE,BUY,1,TO CLOSE,/NQH22,NQ,3/22/23,FUTURE,13619.75,0,0
3/1/22 10:01 AM,FUTURE,SELL,-1,TO OPEN,/NQH22,NQ,3/22/23,FUTURE,14185.00,0,-1
3/1/22 10:17 AM,FUTURE,BUY,1,TO OPEN,/NQH22,NQ,3/22/23,FUTURE,14222.00,0,0
3/1/22 10:17 AM,FUTURE,BUY,1,TO CLOSE,/NQH22,NQ,3/22/23,FUTURE,14210.50,0,1
3/1/22 10:23 AM,FUTURE,SELL,-1,TO CLOSE,/NQH22,NQ,3/22/23,FUTURE,14237.25,0,0
3/1/22 10:24 AM,FUTURE,SELL,-1,TO OPEN,/NQH22,NQ,3/22/23,FUTURE,14236.50,0,-1
3/1/22 10:32 AM,FUTURE,BUY,1,TO CLOSE,/NQH22,NQ,3/22/23,FUTURE,14253.50,0,0
3/1/22 10:32 AM,FUTURE,BUY,1,TO CLOSE,/NQH22,NQ,3/22/23,FUTURE,14253.25,0,1
3/1/22 10:34 AM,FUTURE,SELL,-1,TO OPEN,/NQH22,NQ,3/22/23,FUTURE,14227.25,0,0
3/1/22 10:34 AM,FUTURE,SELL,-1,TO CLOSE,/NQH22,NQ,3/22/23,FUTURE,14223.00,0,-1
3/1/22 10:52 AM,FUTURE,BUY,1,TO CLOSE,/NQH22,NQ,3/22/23,FUTURE,14169.00,0,0
3/1/22 10:56 AM,FUTURE,SELL,-1,TO OPEN,/NQH22,NQ,3/22/23,FUTURE,14156.00,0,-1
3/1/22 11:02 AM,FUTURE,BUY,1,TO CLOSE,/NQH22,NQ,3/22/23,FUTURE,14164.00,0,0
3/1/22 11:03 AM,FUTURE,BUY,1,TO OPEN,/NQH22,NQ,3/22/23,FUTURE,14176.50,0,1
3/1/22 11:07 AM,FUTURE,SELL,-2,TO CLOSE,/NQH22,NQ,3/22/23,FUTURE,14168.25,0,-1
3/1/22 11:08 AM,FUTURE,BUY,2,TO CLOSE,/NQH22,NQ,3/22/23,FUTURE,14184.25,0,1
3/1/22 11:10 AM,FUTURE,SELL,-1,TO CLOSE,/NQH22,NQ,3/22/23,FUTURE,14163.00,0,0
3/1/22 11:10 AM,FUTURE,SELL,-1,TO CLOSE,/NQH22,NQ,3/22/23,FUTURE,14163.25,0,-1
3/1/22 11:13 AM,FUTURE,BUY,2,TO CLOSE,/NQH22,NQ,3/22/23,FUTURE,14188.50,0,1
3/1/22 11:15 AM,FUTURE,SELL,-1,TO CLOSE,/NQH22,NQ,3/22/23,FUTURE,14197.50,0,0
3/1/22 11:16 AM,FUTURE,SELL,-1,TO OPEN,/NQH22,NQ,3/22/23,FUTURE,14191.50,0,-1
3/1/22 11:23 AM,FUTURE,BUY,1,TO CLOSE,/NQH22,NQ,3/22/23,FUTURE,14197.75,0,0
3/1/22 11:24 AM,FUTURE,SELL,-2,TO CLOSE,/NQH22,NQ,3/22/23,FUTURE,14180.25,0,-2
3/1/22 11:24 AM,FUTURE,BUY,1,TO OPEN,/NQH22,NQ,3/22/23,FUTURE,14200.00,0,-1
3/1/22 11:36 AM,FUTURE,BUY,1,TO CLOSE,/NQH22,NQ,3/22/23,FUTURE,14085.50,0,0
3/1/22 1:05 PM,FUTURE,SELL,-1,TO OPEN,/NQH22,NQ,3/22/23,FUTURE,14091.50,0,-1
3/1/22 1:06 PM,FUTURE,BUY,1,TO CLOSE,/NQH22,NQ,3/22/23,FUTURE,14072.00,0,0
3/1/22 1:10 PM,FUTURE,SELL,-1,TO OPEN,/NQH22,NQ,3/22/23,FUTURE,14061.25,0,-1
3/1/22 1:12 PM,FUTURE,BUY,1,TO CLOSE,/NQH22,NQ,3/22/23,FUTURE,14054.25,0,0
3/1/22 1:15 PM,FUTURE,SELL,-1,TO OPEN,/NQH22,NQ,3/22/23,FUTURE,14026.75,0,-1
3/1/22 1:16 PM,FUTURE,BUY,1,TO CLOSE,/NQH22,NQ,3/22/23,FUTURE,14028.25,0,0
3/1/22 1:19 PM,FUTURE,SELL,-1,TO OPEN,/NQH22,NQ,3/22/23,FUTURE,14027.50,0,-1
3/1/22 1:27 PM,FUTURE,BUY,1,TO CLOSE,/NQH22,NQ,3/22/23,FUTURE,13998.00,0,0
3/1/22 2:56 PM,FUTURE,BUY,1,TO OPEN,/MNQH22,NQ,3/22/23,FUTURE,14009.75,0,1
3/1/22 3:01 PM,FUTURE,SELL,-1,TO CLOSE,/MNQH22,NQ,3/22/23,FUTURE,14021.00,0,0
3/2/22 9:57 AM,FUTURE,BUY,1,TO OPEN,/NQH22,NQ,3/22/23,FUTURE,14071.00,0,1
3/2/22 9:59 AM,FUTURE,SELL,-1,TO OPEN,/NQH22,NQ,3/22/23,FUTURE,14074.75,0,0
3/2/22 9:59 AM,FUTURE,SELL,-1,TO CLOSE,/NQH22,NQ,3/22/23,FUTURE,14078.25,0,-1
3/2/22 10:08 AM,FUTURE,BUY,1,TO CLOSE,/NQH22,NQ,3/22/23,FUTURE,14017.75,0,0
3/3/22 10:05 AM,FUTURE,SELL,-1,TO OPEN,/NQH22,NQ,3/22/23,FUTURE,14255.75,0,-1
3/3/22 10:16 AM,FUTURE,BUY,1,TO CLOSE,/NQH22,NQ,3/22/23,FUTURE,14187.50,0,0
3/4/22 8:41 AM,FUTURE,SELL,-1,TO OPEN,/NQH22,NQ,3/22/23,FUTURE,13937.25,0,-1
3/4/22 8:54 AM,FUTURE,BUY,1,TO CLOSE,/NQH22,NQ,3/22/23,FUTURE,13897.75,0,0
3/7/22 9:34 AM,FUTURE,SELL,-1,TO OPEN,/NQH22,NQ,3/22/23,FUTURE,13825.25,0,-1
3/7/22 9:43 AM,FUTURE,BUY,1,TO CLOSE,/NQH22,NQ,3/22/23,FUTURE,13765.50,0,0
3/8/22 9:39 AM,FUTURE,SELL,-1,TO OPEN,/NQH22,NQ,3/22/23,FUTURE,13266.50,0,-1
3/8/22 9:43 AM,FUTURE,BUY,1,TO OPEN,/NQH22,NQ,3/22/23,FUTURE,13332.00,0,0
3/8/22 9:43 AM,FUTURE,BUY,1,TO CLOSE,/NQH22,NQ,3/22/23,FUTURE,13319.00,0,1
3/8/22 9:54 AM,FUTURE,SELL,-2,TO CLOSE,/NQH22,NQ,3/22/23,FUTURE,13266.00,0,-1
3/8/22 10:54 AM,FUTURE,BUY,1,TO CLOSE,/NQH22,NQ,3/22/23,FUTURE,13273.25,0,0
3/8/22 10:56 AM,FUTURE,SELL,-1,TO OPEN,/NQH22,NQ,3/22/23,FUTURE,13271.00,0,-1
3/8/22 10:58 AM,FUTURE,BUY,1,TO CLOSE,/NQH22,NQ,3/22/23,FUTURE,13311.50,0,0
3/8/22 10:58 AM,FUTURE,BUY,1,TO CLOSE,/NQH22,NQ,3/22/23,FUTURE,13311.25,0,1
3/8/22 11:06 AM,FUTURE,SELL,-1,TO CLOSE,/NQH22,NQ,3/22/23,FUTURE,13280.50,0,0
3/8/22 11:06 AM,FUTURE,SELL,-1,TO CLOSE,/NQH22,NQ,3/22/23,FUTURE,13280.75,0,-1
3/8/22 11:47 AM,FUTURE,BUY,1,TO CLOSE,/NQH22,NQ,3/22/23,FUTURE,13208.00,0,0
3/8/22 11:49 AM,FUTURE,SELL,-1,TO OPEN,/NQH22,NQ,3/22/23,FUTURE,13220.50,0,-1
3/8/22 11:55 AM,FUTURE,BUY,1,TO CLOSE,/NQH22,NQ,3/22/23,FUTURE,13259.00,0,0
3/8/22 12:02 PM,FUTURE,BUY,1,TO OPEN,/NQH22,NQ,3/22/23,FUTURE,13291.00,0,1
3/8/22 12:13 PM,FUTURE,SELL,-1,TO CLOSE,/NQH22,NQ,3/22/23,FUTURE,13417.75,0,0
3/8/22 12:22 PM,FUTURE,BUY,1,TO CLOSE,/NQH22,NQ,3/22/23,FUTURE,13494.00,0,1
3/8/22 12:22 PM,FUTURE,SELL,-1,TO OPEN,/NQH22,NQ,3/22/23,FUTURE,13536.25,0,0
3/8/22 12:34 PM,FUTURE,BUY,1,TO OPEN,/NQH22,NQ,3/22/23,FUTURE,13539.75,0,1
3/8/22 12:35 PM,FUTURE,SELL,-1,TO CLOSE,/NQH22,NQ,3/22/23,FUTURE,13555.25,0,0
3/8/22 12:41 PM,FUTURE,SELL,-1,TO OPEN,/NQH22,NQ,3/22/23,FUTURE,13548.50,0,-1
3/8/22 12:43 PM,FUTURE,BUY,1,TO CLOSE,/NQH22,NQ,3/22/23,FUTURE,13581.75,0,0
3/8/22 12:44 PM,FUTURE,BUY,1,TO OPEN,/NQH22,NQ,3/22/23,FUTURE,13579.00,0,1
3/8/22 12:48 PM,FUTURE,SELL,-1,TO CLOSE,/NQH22,NQ,3/22/23,FUTURE,13595.50,0,0
3/8/22 12:50 PM,FUTURE,SELL,-1,TO OPEN,/NQH22,NQ,3/22/23,FUTURE,13568.50,0,-1
3/8/22 12:54 PM,FUTURE,BUY,1,TO OPEN,/NQH22,NQ,3/22/23,FUTURE,13600.75,0,0
3/8/22 12:54 PM,FUTURE,BUY,1,TO CLOSE,/NQH22,NQ,3/22/23,FUTURE,13600.00,0,1
3/8/22 1:05 PM,FUTURE,SELL,-1,TO CLOSE,/NQH22,NQ,3/22/23,FUTURE,13645.50,0,0
3/8/22 1:24 PM,FUTURE,SELL,-1,TO OPEN,/NQH22,NQ,3/22/23,FUTURE,13586.00,0,-1
3/8/22 1:26 PM,FUTURE,BUY,1,TO CLOSE,/NQH22,NQ,3/22/23,FUTURE,13535.00,0,0
3/8/22 1:57 PM,FUTURE,SELL,-1,TO OPEN,/NQH22,NQ,3/22/23,FUTURE,13382.50,0,-1
3/8/22 1:58 PM,FUTURE,BUY,1,TO CLOSE,/NQH22,NQ,3/22/23,FUTURE,13364.25,0,0
3/11/22 6:56 AM,FUTURE,BUY,1,TO OPEN,/NQH22,NQ,3/22/23,FUTURE,13807.75,0,1
3/11/22 7:03 AM,FUTURE,SELL,-1,TO CLOSE,/NQH22,NQ,3/22/23,FUTURE,13778.75,0,0
3/11/22 7:04 AM,FUTURE,BUY,1,TO OPEN,/NQH22,NQ,3/22/23,FUTURE,13789.00,0,1
3/11/22 7:19 AM,FUTURE,SELL,-1,TO CLOSE,/NQH22,NQ,3/22/23,FUTURE,13807.25,0,0
3/11/22 7:32 AM,FUTURE,BUY,1,TO OPEN,/NQH22,NQ,3/22/23,FUTURE,13821.50,0,1
3/11/22 7:54 AM,FUTURE,SELL,-1,TO CLOSE,/NQH22,NQ,3/22/23,FUTURE,13782.50,0,0
3/11/22 7:56 AM,FUTURE,SELL,-1,TO OPEN,/NQH22,NQ,3/22/23,FUTURE,13763.25,0,-1
3/11/22 8:30 AM,FUTURE,BUY,1,TO CLOSE,/NQH22,NQ,3/22/23,FUTURE,13772.25,0,0
3/11/22 8:35 AM,FUTURE,BUY,1,TO OPEN,/NQH22,NQ,3/22/23,FUTURE,13756.50,0,1
3/11/22 8:48 AM,FUTURE,SELL,-1,TO CLOSE,/NQH22,NQ,3/22/23,FUTURE,13735.00,0,0
3/11/22 8:50 AM,FUTURE,BUY,1,TO OPEN,/NQH22,NQ,3/22/23,FUTURE,13744.50,0,1
3/11/22 9:09 AM,FUTURE,SELL,-1,TO CLOSE,/NQH22,NQ,3/22/23,FUTURE,13731.00,0,0
3/11/22 9:31 AM,FUTURE,BUY,1,TO OPEN,/NQM22,NQ,6/22/23,FUTURE,13716.75,0,1
3/11/22 9:32 AM,FUTURE,SELL,-2,TO CLOSE,/NQM22,NQ,6/22/23,FUTURE,13695.50,0,-1
3/11/22 9:33 AM,FUTURE,BUY,1,TO CLOSE,/NQM22,NQ,6/22/23,FUTURE,13669.00,0,0
3/11/22 9:38 AM,FUTURE,SELL,-1,TO CLOSE,/NQM22,NQ,6/22/23,FUTURE,13645.75,0,-1
3/11/22 9:38 AM,FUTURE,BUY,1,TO OPEN,/NQM22,NQ,6/22/23,FUTURE,13680.00,0,0
3/11/22 9:39 AM,FUTURE,SELL,-1,TO OPEN,/NQM22,NQ,6/22/23,FUTURE,13639.00,0,-1
3/11/22 10:03 AM,FUTURE,BUY,1,TO CLOSE,/NQM22,NQ,6/22/23,FUTURE,13538.75,0,0
3/11/22 10:09 AM,FUTURE,BUY,1,TO CLOSE,/NQM22,NQ,6/22/23,FUTURE,13513.25,0,1
3/11/22 10:09 AM,FUTURE,SELL,-1,TO OPEN,/NQM22,NQ,6/22/23,FUTURE,13543.25,0,0
3/14/22 9:30 AM,FUTURE,SELL,-1,TO OPEN,/NQM22,NQ,6/22/23,FUTURE,13249.75,0,-1
3/14/22 9:40 AM,FUTURE,BUY,1,TO CLOSE,/NQM22,NQ,6/22/23,FUTURE,13244.75,0,0
3/14/22 9:46 AM,FUTURE,BUY,1,TO OPEN,/ESM22,ES,6/22/23,FUTURE,4208.00,1,0
3/14/22 9:51 AM,FUTURE,SELL,-1,TO CLOSE,/ESM22,ES,6/22/23,FUTURE,4208.50,0,0
3/14/22 9:53 AM,FUTURE,SELL,-1,TO OPEN,/NQM22,NQ,6/22/23,FUTURE,13290.00,0,-1
3/14/22 10:02 AM,FUTURE,BUY,1,TO OPEN,/NQM22,NQ,6/22/23,FUTURE,13302.00,0,0
3/14/22 10:02 AM,FUTURE,BUY,1,TO CLOSE,/NQM22,NQ,6/22/23,FUTURE,13292.25,0,1
3/14/22 10:11 AM,FUTURE,SELL,-1,TO CLOSE,/NQM22,NQ,6/22/23,FUTURE,13360.25,0,0
3/15/22 9:41 AM,FUTURE,SELL,-1,TO OPEN,/NQM22,NQ,6/22/23,FUTURE,13124.75,0,-1
3/15/22 9:43 AM,FUTURE,BUY,1,TO CLOSE,/NQM22,NQ,6/22/23,FUTURE,13103.25,0,0
3/15/22 9:49 AM,FUTURE,SELL,-1,TO OPEN,/NQM22,NQ,6/22/23,FUTURE,13094.50,0,-1
3/15/22 9:58 AM,FUTURE,BUY,1,TO CLOSE,/NQM22,NQ,6/22/23,FUTURE,13187.25,0,0
3/15/22 10:00 AM,FUTURE,SELL,-1,TO OPEN,/NQM22,NQ,6/22/23,FUTURE,13173.75,0,-1
3/15/22 10:03 AM,FUTURE,BUY,1,TO OPEN,/NQM22,NQ,6/22/23,FUTURE,13185.00,0,0
3/15/22 10:03 AM,FUTURE,BUY,1,TO CLOSE,/NQM22,NQ,6/22/23,FUTURE,13182.50,0,1
3/15/22 10:11 AM,FUTURE,SELL,-1,TO CLOSE,/NQM22,NQ,6/22/23,FUTURE,13178.75,0,0
3/15/22 10:11 AM,FUTURE,SELL,-1,TO CLOSE,/NQM22,NQ,6/22/23,FUTURE,13179.00,0,-1
3/15/22 10:19 AM,FUTURE,BUY,1,TO CLOSE,/NQM22,NQ,6/22/23,FUTURE,13201.25,0,0
3/15/22 10:19 AM,FUTURE,BUY,1,TO CLOSE,/NQM22,NQ,6/22/23,FUTURE,13201.00,0,1
3/15/22 10:40 AM,FUTURE,SELL,-1,TO CLOSE,/NQM22,NQ,6/22/23,FUTURE,13295.75,0,0
3/15/22 10:41 AM,FUTURE,SELL,-1,TO OPEN,/NQM22,NQ,6/22/23,FUTURE,13285.50,0,-1
3/15/22 10:44 AM,FUTURE,BUY,1,TO CLOSE,/NQM22,NQ,6/22/23,FUTURE,13302.50,0,0
3/15/22 10:47 AM,FUTURE,SELL,-1,TO OPEN,/NQM22,NQ,6/22/23,FUTURE,13299.00,0,-1
3/15/22 10:57 AM,FUTURE,BUY,1,TO CLOSE,/NQM22,NQ,6/22/23,FUTURE,13298.50,0,0
3/15/22 11:01 AM,FUTURE,BUY,1,TO OPEN,/NQM22,NQ,6/22/23,FUTURE,13296.25,0,1
3/15/22 11:06 AM,FUTURE,SELL,-1,TO CLOSE,/NQM22,NQ,6/22/23,FUTURE,13307.25,0,0
3/15/22 11:11 AM,FUTURE,SELL,-1,TO OPEN,/NQM22,NQ,6/22/23,FUTURE,13308.75,0,-1
3/15/22 11:14 AM,FUTURE,BUY,1,TO CLOSE,/NQM22,NQ,6/22/23,FUTURE,13324.75,0,0
3/15/22 11:16 AM,FUTURE,SELL,-1,TO OPEN,/NQM22,NQ,6/22/23,FUTURE,13313.50,0,-1
3/15/22 11:25 AM,FUTURE,BUY,1,TO CLOSE,/NQM22,NQ,6/22/23,FUTURE,13333.25,0,0
3/15/22 11:30 AM,FUTURE,SELL,-1,TO OPEN,/NQM22,NQ,6/22/23,FUTURE,13352.25,0,-1
3/15/22 11:32 AM,FUTURE,BUY,1,TO OPEN,/NQM22,NQ,6/22/23,FUTURE,13372.75,0,0
3/15/22 11:32 AM,FUTURE,BUY,1,TO CLOSE,/NQM22,NQ,6/22/23,FUTURE,13372.75,0,1
3/15/22 11:40 AM,FUTURE,SELL,-1,TO CLOSE,/NQM22,NQ,6/22/23,FUTURE,13374.75,0,0
3/15/22 11:41 AM,FUTURE,SELL,-1,TO OPEN,/NQM22,NQ,6/22/23,FUTURE,13374.50,0,-1
3/15/22 11:47 AM,FUTURE,BUY,1,TO CLOSE,/NQM22,NQ,6/22/23,FUTURE,13380.25,0,0
3/15/22 11:47 AM,FUTURE,BUY,1,TO CLOSE,/NQM22,NQ,6/22/23,FUTURE,13380.00,0,1
3/15/22 11:54 AM,FUTURE,SELL,-1,TO CLOSE,/NQM22,NQ,6/22/23,FUTURE,13350.75,0,0
3/15/22 11:54 AM,FUTURE,SELL,-1,TO CLOSE,/NQM22,NQ,6/22/23,FUTURE,13351.00,0,-1
3/15/22 12:04 PM,FUTURE,BUY,1,TO CLOSE,/NQM22,NQ,6/22/23,FUTURE,13305.25,0,0
3/15/22 12:10 PM,FUTURE,SELL,-1,TO OPEN,/NQM22,NQ,6/22/23,FUTURE,13346.50,0,-1
3/15/22 12:36 PM,FUTURE,BUY,1,TO CLOSE,/NQM22,NQ,6/22/23,FUTURE,13383.00,0,0
3/15/22 12:36 PM,FUTURE,BUY,1,TO CLOSE,/NQM22,NQ,6/22/23,FUTURE,13382.75,0,1
3/15/22 12:38 PM,FUTURE,SELL,-2,TO CLOSE,/NQM22,NQ,6/22/23,FUTURE,13367.25,0,-1
3/15/22 1:04 PM,FUTURE,BUY,1,TO OPEN,/NQM22,NQ,6/22/23,FUTURE,13365.25,0,0
3/15/22 1:04 PM,FUTURE,BUY,1,TO CLOSE,/NQM22,NQ,6/22/23,FUTURE,13363.25,0,1
3/15/22 1:06 PM,FUTURE,SELL,-2,TO CLOSE,/NQM22,NQ,6/22/23,FUTURE,13348.75,0,-1
3/15/22 1:36 PM,FUTURE,BUY,1,TO CLOSE,/NQM22,NQ,6/22/23,FUTURE,13324.50,0,0
3/15/22 1:37 PM,FUTURE,SELL,-1,TO OPEN,/NQM22,NQ,6/22/23,FUTURE,13318.00,0,-1
3/15/22 1:51 PM,FUTURE,BUY,1,TO CLOSE,/NQM22,NQ,6/22/23,FUTURE,13314.75,0,0
3/15/22 1:53 PM,FUTURE,SELL,-1,TO OPEN,/NQM22,NQ,6/22/23,FUTURE,13307.75,0,-1
3/15/22 1:55 PM,FUTURE,BUY,1,TO CLOSE,/NQM22,NQ,6/22/23,FUTURE,13324.50,0,0
3/15/22 1:55 PM,FUTURE,BUY,1,TO CLOSE,/NQM22,NQ,6/22/23,FUTURE,13324.25,0,1
3/15/22 2:02 PM,FUTURE,SELL,-1,TO OPEN,/NQM22,NQ,6/22/23,FUTURE,13332.75,0,0
3/15/22 2:02 PM,FUTURE,SELL,-1,TO CLOSE,/NQM22,NQ,6/22/23,FUTURE,13332.75,0,-1
3/15/22 2:34 PM,FUTURE,BUY,1,TO OPEN,/NQM22,NQ,6/22/23,FUTURE,13316.75,0,0
3/15/22 2:34 PM,FUTURE,BUY,1,TO CLOSE,/NQM22,NQ,6/22/23,FUTURE,13305.75,0,1
3/15/22 3:10 PM,FUTURE,SELL,-1,TO CLOSE,/NQM22,NQ,6/22/23,FUTURE,13387.75,0,0
3/15/22 3:11 PM,FUTURE,BUY,1,TO OPEN,/NQM22,NQ,6/22/23,FUTURE,13396.75,0,1
3/15/22 3:14 PM,FUTURE,BUY,1,TO OPEN,/NQM22,NQ,6/22/23,FUTURE,13384.25,0,2
3/15/22 3:14 PM,FUTURE,SELL,-1,TO CLOSE,/NQM22,NQ,6/22/23,FUTURE,13375.50,0,1
3/15/22 3:22 PM,FUTURE,SELL,-1,TO CLOSE,/NQM22,NQ,6/22/23,FUTURE,13441.00,0,0
3/16/22 7:02 AM,FUTURE,SELL,-1,TO OPEN,/NQM22,NQ,6/22/23,FUTURE,13687.25,0,-1
3/16/22 7:07 AM,FUTURE,BUY,1,TO CLOSE,/NQM22,NQ,6/22/23,FUTURE,13679.00,0,0
3/16/22 9:34 AM,FUTURE,BUY,1,TO OPEN,/NQM22,NQ,6/22/23,FUTURE,13625.75,0,1
3/16/22 9:38 AM,FUTURE,SELL,-1,TO CLOSE,/NQM22,NQ,6/22/23,FUTURE,13680.25,0,0
,,,,,,,,,,,
,,,,,,,,,,,
,,,,,,,,,,,
,,,,,,,,,,,
,,,,,,,,,,,
,,,,,,,,,,,
,,,,,,,,,,,
,,,,,,,,,,,
,,,,,,,,,,,
,,,,,,,,,,,